
 /----------------------------------------------------------------------------\
 |  yosys -- Yosys Open SYnthesis Suite                                       |
 |  Copyright (C) 2012 - 2026  Claire Xenia Wolf <claire@yosyshq.com>         |
 |  Distributed under an ISC-like license, type "license" to see terms        |
 \----------------------------------------------------------------------------/
 Yosys 0.68+130 (git sha1 dd83bbad2-dirty, Release, Clang /usr/bin/clang++ 21.1.8)

-- Running command `
  read_verilog rtl/*.v
  hierarchy -top ntt_top
  synth -top ntt_top -flatten
  dfflibmap -liberty /home/void/.ciel/sky130A/libs.ref/sky130_fd_sc_hd/lib/sky130_fd_sc_hd__tt_025C_1v80.lib
  abc -liberty /home/void/.ciel/sky130A/libs.ref/sky130_fd_sc_hd/lib/sky130_fd_sc_hd__tt_025C_1v80.lib -D 10000
  opt_clean
  stat -liberty /home/void/.ciel/sky130A/libs.ref/sky130_fd_sc_hd/lib/sky130_fd_sc_hd__tt_025C_1v80.lib
  write_verilog -noattr docs/ntt_top_sky130.v
' --

1. Executing Verilog-2005 frontend: rtl/addr_gen.v
Parsing Verilog input from `rtl/addr_gen.v' to AST representation.
Generating RTLIL representation for module `\addr_gen'.
Successfully finished Verilog frontend.

2. Executing Verilog-2005 frontend: rtl/base_mult.v
Parsing Verilog input from `rtl/base_mult.v' to AST representation.
Generating RTLIL representation for module `\base_mult'.
Successfully finished Verilog frontend.

3. Executing Verilog-2005 frontend: rtl/butterfly.v
Parsing Verilog input from `rtl/butterfly.v' to AST representation.
Generating RTLIL representation for module `\butterfly'.
Warning: Replacing memory \mode_dly with list of registers. See rtl/butterfly.v:123
Warning: Replacing memory \keep_dly with list of registers. See rtl/butterfly.v:122
Successfully finished Verilog frontend.

4. Executing Verilog-2005 frontend: rtl/coeff_mem.v
Parsing Verilog input from `rtl/coeff_mem.v' to AST representation.
Generating RTLIL representation for module `\coeff_mem'.
Successfully finished Verilog frontend.

5. Executing Verilog-2005 frontend: rtl/mod_addsub.v
Parsing Verilog input from `rtl/mod_addsub.v' to AST representation.
Generating RTLIL representation for module `\mod_addsub'.
Successfully finished Verilog frontend.

6. Executing Verilog-2005 frontend: rtl/mont_mul.v
Parsing Verilog input from `rtl/mont_mul.v' to AST representation.
Generating RTLIL representation for module `\mont_mul'.
Successfully finished Verilog frontend.

7. Executing Verilog-2005 frontend: rtl/ntt_core.v
Parsing Verilog input from `rtl/ntt_core.v' to AST representation.
Generating RTLIL representation for module `\ntt_core'.
Warning: Replacing memory \sc_dly with list of registers. See rtl/ntt_core.v:108
Warning: Replacing memory \wb_dly with list of registers. See rtl/ntt_core.v:108
Warning: Replacing memory \wa_dly with list of registers. See rtl/ntt_core.v:108
Successfully finished Verilog frontend.

8. Executing Verilog-2005 frontend: rtl/ntt_top.v
Parsing Verilog input from `rtl/ntt_top.v' to AST representation.
Generating RTLIL representation for module `\ntt_top'.
Successfully finished Verilog frontend.

9. Executing Verilog-2005 frontend: rtl/twiddle_rom.v
Parsing Verilog input from `rtl/twiddle_rom.v' to AST representation.
Generating RTLIL representation for module `\twiddle_rom'.
Successfully finished Verilog frontend.

10. Executing HIERARCHY pass (managing design hierarchy).

10.1. Analyzing design hierarchy..
Top module:  \ntt_top
Used module:     \ntt_core
Used module:         \butterfly
Used module:             \mod_addsub
Used module:             \mont_mul
Used module:         \coeff_mem
Used module:         \twiddle_rom
Used module:         \addr_gen
Parameter \COEFF_W = 12
Parameter \Q = 3329

10.2. Executing AST frontend in derive mode using pre-parsed AST for module `\mod_addsub'.
Parameter \COEFF_W = 12
Parameter \Q = 3329
Generating RTLIL representation for module `$paramod$aa299135ef121b8073ba3582f9a48aa1a2dfcb7f\mod_addsub'.
Parameter \COEFF_W = 12
Parameter \Q = 3329
Parameter \QINV = 3327

10.3. Executing AST frontend in derive mode using pre-parsed AST for module `\mont_mul'.
Parameter \COEFF_W = 12
Parameter \Q = 3329
Parameter \QINV = 3327
Generating RTLIL representation for module `$paramod$1db7ff1dbee255276a89891855cf29fa1c4c03c7\mont_mul'.
Parameter \COEFF_W = 12
Parameter \Q = 3329
Found cached RTLIL representation for module `$paramod$aa299135ef121b8073ba3582f9a48aa1a2dfcb7f\mod_addsub'.
Parameter \COEFF_W = 12
Parameter \Q = 3329
Parameter \QINV = 3327

10.4. Executing AST frontend in derive mode using pre-parsed AST for module `\butterfly'.
Parameter \COEFF_W = 12
Parameter \Q = 3329
Parameter \QINV = 3327
Generating RTLIL representation for module `$paramod$1db7ff1dbee255276a89891855cf29fa1c4c03c7\butterfly'.
Warning: Replacing memory \mode_dly with list of registers. See rtl/butterfly.v:123
Warning: Replacing memory \keep_dly with list of registers. See rtl/butterfly.v:122
Parameter \COEFF_W = 12
Parameter \INIT_FILE = 208'0111011001100101011000110111010001101111011100100111001100101111011100100110111101101101010111110111101001100101011101000110000101110011010111110110110101101111011011100111010000101110011011010110010101101101

10.5. Executing AST frontend in derive mode using pre-parsed AST for module `\twiddle_rom'.
Parameter \COEFF_W = 12
Parameter \INIT_FILE = 208'0111011001100101011000110111010001101111011100100111001100101111011100100110111101101101010111110111101001100101011101000110000101110011010111110110110101101111011011100111010000101110011011010110010101101101
Generating RTLIL representation for module `$paramod$424c79b87c72cefaa9dd23341bd15b4f73ef88de\twiddle_rom'.
Parameter \COEFF_W = 12
Parameter \ZETA_FILE = 208'0111011001100101011000110111010001101111011100100111001100101111011100100110111101101101010111110111101001100101011101000110000101110011010111110110110101101111011011100111010000101110011011010110010101101101

10.6. Executing AST frontend in derive mode using pre-parsed AST for module `\ntt_core'.
Parameter \COEFF_W = 12
Parameter \ZETA_FILE = 208'0111011001100101011000110111010001101111011100100111001100101111011100100110111101101101010111110111101001100101011101000110000101110011010111110110110101101111011011100111010000101110011011010110010101101101
Generating RTLIL representation for module `$paramod$d56e5a6835012023f0093ddf0beac38b9be1ec88\ntt_core'.
Warning: Replacing memory \sc_dly with list of registers. See rtl/ntt_core.v:108
Warning: Replacing memory \wb_dly with list of registers. See rtl/ntt_core.v:108
Warning: Replacing memory \wa_dly with list of registers. See rtl/ntt_core.v:108

10.7. Analyzing design hierarchy..
Top module:  \ntt_top
Used module:     $paramod$d56e5a6835012023f0093ddf0beac38b9be1ec88\ntt_core
Used module:         \butterfly
Used module:             $paramod$aa299135ef121b8073ba3582f9a48aa1a2dfcb7f\mod_addsub
Used module:             $paramod$1db7ff1dbee255276a89891855cf29fa1c4c03c7\mont_mul
Used module:         \coeff_mem
Used module:         \twiddle_rom
Used module:         \addr_gen
Parameter \COEFF_W = 12
Parameter \Q = 3329
Parameter \QINV = 3327
Found cached RTLIL representation for module `$paramod$1db7ff1dbee255276a89891855cf29fa1c4c03c7\butterfly'.
Parameter \COEFF_W = 12
Parameter \INIT_FILE = 208'0111011001100101011000110111010001101111011100100111001100101111011100100110111101101101010111110111101001100101011101000110000101110011010111110110110101101111011011100111010000101110011011010110010101101101
Found cached RTLIL representation for module `$paramod$424c79b87c72cefaa9dd23341bd15b4f73ef88de\twiddle_rom'.

10.8. Analyzing design hierarchy..
Top module:  \ntt_top
Used module:     $paramod$d56e5a6835012023f0093ddf0beac38b9be1ec88\ntt_core
Used module:         $paramod$1db7ff1dbee255276a89891855cf29fa1c4c03c7\butterfly
Used module:             \mod_addsub
Used module:             \mont_mul
Used module:         \coeff_mem
Used module:         $paramod$424c79b87c72cefaa9dd23341bd15b4f73ef88de\twiddle_rom
Used module:         \addr_gen
Parameter \COEFF_W = 12
Parameter \Q = 3329
Found cached RTLIL representation for module `$paramod$aa299135ef121b8073ba3582f9a48aa1a2dfcb7f\mod_addsub'.
Parameter \COEFF_W = 12
Parameter \Q = 3329
Parameter \QINV = 3327
Found cached RTLIL representation for module `$paramod$1db7ff1dbee255276a89891855cf29fa1c4c03c7\mont_mul'.
Parameter \COEFF_W = 12
Parameter \Q = 3329
Found cached RTLIL representation for module `$paramod$aa299135ef121b8073ba3582f9a48aa1a2dfcb7f\mod_addsub'.

10.9. Analyzing design hierarchy..
Top module:  \ntt_top
Used module:     $paramod$d56e5a6835012023f0093ddf0beac38b9be1ec88\ntt_core
Used module:         $paramod$1db7ff1dbee255276a89891855cf29fa1c4c03c7\butterfly
Used module:             $paramod$aa299135ef121b8073ba3582f9a48aa1a2dfcb7f\mod_addsub
Used module:             $paramod$1db7ff1dbee255276a89891855cf29fa1c4c03c7\mont_mul
Used module:         \coeff_mem
Used module:         $paramod$424c79b87c72cefaa9dd23341bd15b4f73ef88de\twiddle_rom
Used module:         \addr_gen

10.10. Analyzing design hierarchy..
Top module:  \ntt_top
Used module:     $paramod$d56e5a6835012023f0093ddf0beac38b9be1ec88\ntt_core
Used module:         $paramod$1db7ff1dbee255276a89891855cf29fa1c4c03c7\butterfly
Used module:             $paramod$aa299135ef121b8073ba3582f9a48aa1a2dfcb7f\mod_addsub
Used module:             $paramod$1db7ff1dbee255276a89891855cf29fa1c4c03c7\mont_mul
Used module:         \coeff_mem
Used module:         $paramod$424c79b87c72cefaa9dd23341bd15b4f73ef88de\twiddle_rom
Used module:         \addr_gen
Removing unused module `\twiddle_rom'.
Removing unused module `\ntt_core'.
Removing unused module `\mont_mul'.
Removing unused module `\mod_addsub'.
Removing unused module `\butterfly'.
Removing unused module `\base_mult'.
Removed 6 unused modules.

11. Executing SYNTH pass.

11.1. Executing HIERARCHY pass (managing design hierarchy).

11.1.1. Analyzing design hierarchy..
Top module:  \ntt_top
Used module:     $paramod$d56e5a6835012023f0093ddf0beac38b9be1ec88\ntt_core
Used module:         $paramod$1db7ff1dbee255276a89891855cf29fa1c4c03c7\butterfly
Used module:             $paramod$aa299135ef121b8073ba3582f9a48aa1a2dfcb7f\mod_addsub
Used module:             $paramod$1db7ff1dbee255276a89891855cf29fa1c4c03c7\mont_mul
Used module:         \coeff_mem
Used module:         $paramod$424c79b87c72cefaa9dd23341bd15b4f73ef88de\twiddle_rom
Used module:         \addr_gen

11.1.2. Analyzing design hierarchy..
Top module:  \ntt_top
Used module:     $paramod$d56e5a6835012023f0093ddf0beac38b9be1ec88\ntt_core
Used module:         $paramod$1db7ff1dbee255276a89891855cf29fa1c4c03c7\butterfly
Used module:             $paramod$aa299135ef121b8073ba3582f9a48aa1a2dfcb7f\mod_addsub
Used module:             $paramod$1db7ff1dbee255276a89891855cf29fa1c4c03c7\mont_mul
Used module:         \coeff_mem
Used module:         $paramod$424c79b87c72cefaa9dd23341bd15b4f73ef88de\twiddle_rom
Used module:         \addr_gen
Removed 0 unused modules.

11.2. Executing PROC pass (convert processes to netlists).

11.2.1. Executing PROC_CLEAN pass (remove empty switches from decision trees).
Removing empty process `$paramod$424c79b87c72cefaa9dd23341bd15b4f73ef88de\twiddle_rom.$proc$rtl/twiddle_rom.v:35$231'.
Cleaned up 0 empty switches.

11.2.2. Executing PROC_RMDEAD pass (remove dead branches from decision trees).
Marked 2 switch rules as full_case in process $proc$rtl/ntt_top.v:111$189 in module ntt_top.
Marked 1 switch rules as full_case in process $proc$rtl/ntt_top.v:82$173 in module ntt_top.
Marked 2 switch rules as full_case in process $proc$rtl/ntt_top.v:67$170 in module ntt_top.
Marked 1 switch rules as full_case in process $proc$rtl/twiddle_rom.v:48$227 in module $paramod$424c79b87c72cefaa9dd23341bd15b4f73ef88de\twiddle_rom.
Marked 2 switch rules as full_case in process $proc$rtl/butterfly.v:151$224 in module $paramod$1db7ff1dbee255276a89891855cf29fa1c4c03c7\butterfly.
Marked 1 switch rules as full_case in process $proc$rtl/butterfly.v:119$222 in module $paramod$1db7ff1dbee255276a89891855cf29fa1c4c03c7\butterfly.
Marked 1 switch rules as full_case in process $proc$rtl/mont_mul.v:34$212 in module $paramod$1db7ff1dbee255276a89891855cf29fa1c4c03c7\mont_mul.
Marked 1 switch rules as full_case in process $proc$rtl/coeff_mem.v:49$87 in module coeff_mem.
Marked 1 switch rules as full_case in process $proc$rtl/coeff_mem.v:43$79 in module coeff_mem.
Marked 1 switch rules as full_case in process $proc$rtl/coeff_mem.v:39$71 in module coeff_mem.
Marked 4 switch rules as full_case in process $proc$rtl/ntt_core.v:197$280 in module $paramod$d56e5a6835012023f0093ddf0beac38b9be1ec88\ntt_core.
Marked 4 switch rules as full_case in process $proc$rtl/ntt_core.v:133$264 in module $paramod$d56e5a6835012023f0093ddf0beac38b9be1ec88\ntt_core.
Marked 1 switch rules as full_case in process $proc$rtl/ntt_core.v:124$255 in module $paramod$d56e5a6835012023f0093ddf0beac38b9be1ec88\ntt_core.
Marked 1 switch rules as full_case in process $proc$rtl/ntt_core.v:106$250 in module $paramod$d56e5a6835012023f0093ddf0beac38b9be1ec88\ntt_core.
Marked 1 switch rules as full_case in process $proc$rtl/ntt_core.v:78$237 in module $paramod$d56e5a6835012023f0093ddf0beac38b9be1ec88\ntt_core.
Marked 4 switch rules as full_case in process $proc$rtl/addr_gen.v:93$17 in module addr_gen.
Removed a total of 0 dead cases.

11.2.3. Executing PROC_PRUNE pass (remove redundant assignments in processes).
Removed 42 redundant assignments.
Promoted 16 assignments to connections.

11.2.4. Executing PROC_INIT pass (extract init attributes).

11.2.5. Executing PROC_ARST pass (detect async resets in processes).
Found async reset \rst_n in `\ntt_top.$proc$rtl/ntt_top.v:111$189'.
Found async reset \rst_n in `\ntt_top.$proc$rtl/ntt_top.v:82$173'.
Found async reset \rst_n in `\ntt_top.$proc$rtl/ntt_top.v:67$170'.
Found async reset \rst_n in `$paramod$424c79b87c72cefaa9dd23341bd15b4f73ef88de\twiddle_rom.$proc$rtl/twiddle_rom.v:48$227'.
Found async reset \rst_n in `$paramod$1db7ff1dbee255276a89891855cf29fa1c4c03c7\butterfly.$proc$rtl/butterfly.v:151$224'.
Found async reset \rst_n in `$paramod$1db7ff1dbee255276a89891855cf29fa1c4c03c7\butterfly.$proc$rtl/butterfly.v:119$222'.
Found async reset \rst_n in `$paramod$1db7ff1dbee255276a89891855cf29fa1c4c03c7\mont_mul.$proc$rtl/mont_mul.v:34$212'.
Found async reset \rst_n in `\coeff_mem.$proc$rtl/coeff_mem.v:49$87'.
Found async reset \rst_n in `$paramod$d56e5a6835012023f0093ddf0beac38b9be1ec88\ntt_core.$proc$rtl/ntt_core.v:133$264'.
Found async reset \rst_n in `$paramod$d56e5a6835012023f0093ddf0beac38b9be1ec88\ntt_core.$proc$rtl/ntt_core.v:124$255'.
Found async reset \rst_n in `$paramod$d56e5a6835012023f0093ddf0beac38b9be1ec88\ntt_core.$proc$rtl/ntt_core.v:106$250'.
Found async reset \rst_n in `$paramod$d56e5a6835012023f0093ddf0beac38b9be1ec88\ntt_core.$proc$rtl/ntt_core.v:78$237'.
Found async reset \rst_n in `\addr_gen.$proc$rtl/addr_gen.v:93$17'.

11.2.6. Executing PROC_ROM pass (convert switches to ROMs).
Converted 0 switches.
<suppressed ~43 debug messages>

11.2.7. Executing PROC_MUX pass (convert decision trees to multiplexers).
Creating decoders for process `\ntt_top.$proc$rtl/ntt_top.v:111$189'.
     1/4: $0\s_axil_arready[0:0]
     2/4: $0\s_axil_rvalid[0:0]
     3/4: $0\s_axil_rresp[1:0]
     4/4: $0\s_axil_rdata[31:0]
Creating decoders for process `\ntt_top.$proc$rtl/ntt_top.v:82$173'.
     1/11: $0\s_axil_wready[0:0]
     2/11: $0\s_axil_awready[0:0]
     3/11: $0\r_start[0:0]
     4/11: $0\w_data[31:0]
     5/11: $0\aw_addr[3:0]
     6/11: $0\w_seen[0:0]
     7/11: $0\aw_seen[0:0]
     8/11: $0\done_sticky[0:0]
     9/11: $0\r_mode[0:0]
    10/11: $0\s_axil_bvalid[0:0]
    11/11: $0\s_axil_bresp[1:0]
Creating decoders for process `\ntt_top.$proc$rtl/ntt_top.v:67$170'.
     1/2: $0\cyc_last[31:0]
     2/2: $0\cyc_cnt[31:0]
Creating decoders for process `$paramod$424c79b87c72cefaa9dd23341bd15b4f73ef88de\twiddle_rom.$proc$rtl/twiddle_rom.v:48$227'.
     1/1: $0\dout[11:0]
Creating decoders for process `$paramod$1db7ff1dbee255276a89891855cf29fa1c4c03c7\butterfly.$proc$rtl/butterfly.v:151$224'.
     1/3: $0\b_out[11:0]
     2/3: $0\a_out[11:0]
     3/3: $0\valid_out[0:0]
Creating decoders for process `$paramod$1db7ff1dbee255276a89891855cf29fa1c4c03c7\butterfly.$proc$rtl/butterfly.v:119$222'.
     1/7: $1\i[31:0]
     2/7: $0\mode_dly[2][0:0]
     3/7: $0\keep_dly[2][11:0]
     4/7: $0\mode_dly[1][0:0]
     5/7: $0\keep_dly[1][11:0]
     6/7: $0\mode_dly[0][0:0]
     7/7: $0\keep_dly[0][11:0]
Creating decoders for process `$paramod$1db7ff1dbee255276a89891855cf29fa1c4c03c7\mont_mul.$proc$rtl/mont_mul.v:34$212'.
     1/7: $0\valid_out[0:0]
     2/7: $0\out[11:0]
     3/7: $0\v_s2[0:0]
     4/7: $0\t_s2[23:0]
     5/7: $0\m_s2[15:0]
     6/7: $0\v_s1[0:0]
     7/7: $0\t_s1[23:0]
Creating decoders for process `\coeff_mem.$proc$rtl/coeff_mem.v:49$87'.
     1/2: $0\rbank_b_d[0:0]
     2/2: $0\rbank_a_d[0:0]
Creating decoders for process `\coeff_mem.$proc$rtl/coeff_mem.v:43$79'.
     1/4: $1$memwr$\bank1$rtl/coeff_mem.v:44$50_EN[11:0]$85
     2/4: $1$memwr$\bank1$rtl/coeff_mem.v:44$50_DATA[11:0]$84
     3/4: $1$memwr$\bank1$rtl/coeff_mem.v:44$50_ADDR[6:0]$83
     4/4: $0\q1[11:0]
Creating decoders for process `\coeff_mem.$proc$rtl/coeff_mem.v:39$71'.
     1/4: $1$memwr$\bank0$rtl/coeff_mem.v:40$49_EN[11:0]$77
     2/4: $1$memwr$\bank0$rtl/coeff_mem.v:40$49_DATA[11:0]$76
     3/4: $1$memwr$\bank0$rtl/coeff_mem.v:40$49_ADDR[6:0]$75
     4/4: $0\q0[11:0]
Creating decoders for process `$paramod$d56e5a6835012023f0093ddf0beac38b9be1ec88\ntt_core.$proc$rtl/ntt_core.v:197$280'.
     1/20: $3\mem_wb_addr[7:0]
     2/20: $3\mem_wea[0:0]
     3/20: $3\mem_da[11:0]
     4/20: $3\mem_wa_addr[7:0]
     5/20: $3\mem_db[11:0]
     6/20: $3\mem_web[0:0]
     7/20: $2\mem_db[11:0]
     8/20: $2\mem_da[11:0]
     9/20: $2\mem_web[0:0]
    10/20: $2\mem_wea[0:0]
    11/20: $2\mem_wb_addr[7:0]
    12/20: $2\mem_wa_addr[7:0]
    13/20: $1\mem_wb_addr[7:0]
    14/20: $1\mem_wea[0:0]
    15/20: $1\mem_da[11:0]
    16/20: $1\mem_wa_addr[7:0]
    17/20: $1\mem_db[11:0]
    18/20: $1\mem_web[0:0]
    19/20: $1\mem_rb[7:0]
    20/20: $1\mem_ra[7:0]
Creating decoders for process `$paramod$d56e5a6835012023f0093ddf0beac38b9be1ec88\ntt_core.$proc$rtl/ntt_core.v:133$264'.
     1/12: $0\done[0:0]
     2/12: $0\ag_start[0:0]
     3/12: $0\run_finished[0:0]
     4/12: $0\draining[0:0]
     5/12: $0\ag_en[0:0]
     6/12: $0\cnt[8:0]
     7/12: $0\state[2:0]
     8/12: $0\m_last[0:0]
     9/12: $0\m_data[11:0]
    10/12: $0\m_valid[0:0]
    11/12: $0\mode_r[0:0]
    12/12: $0\busy[0:0]
Creating decoders for process `$paramod$d56e5a6835012023f0093ddf0beac38b9be1ec88\ntt_core.$proc$rtl/ntt_core.v:124$255'.
     1/1: $0\inflight[3:0]
Creating decoders for process `$paramod$d56e5a6835012023f0093ddf0beac38b9be1ec88\ntt_core.$proc$rtl/ntt_core.v:106$250'.
     1/16: $1\i[31:0]
     2/16: $0\sc_dly[4][0:0]
     3/16: $0\wb_dly[4][7:0]
     4/16: $0\wa_dly[4][7:0]
     5/16: $0\sc_dly[3][0:0]
     6/16: $0\wb_dly[3][7:0]
     7/16: $0\wa_dly[3][7:0]
     8/16: $0\sc_dly[2][0:0]
     9/16: $0\wb_dly[2][7:0]
    10/16: $0\wa_dly[2][7:0]
    11/16: $0\sc_dly[1][0:0]
    12/16: $0\wb_dly[1][7:0]
    13/16: $0\wa_dly[1][7:0]
    14/16: $0\sc_dly[0][0:0]
    15/16: $0\wb_dly[0][7:0]
    16/16: $0\wa_dly[0][7:0]
Creating decoders for process `$paramod$d56e5a6835012023f0093ddf0beac38b9be1ec88\ntt_core.$proc$rtl/ntt_core.v:78$237'.
     1/2: $0\r_scale[0:0]
     2/2: $0\r_valid[0:0]
Creating decoders for process `\addr_gen.$proc$rtl/addr_gen.v:93$17'.
     1/12: $0\valid[0:0]
     2/12: $0\done[0:0]
     3/12: $0\mode_r[0:0]
     4/12: $0\layer_cnt[2:0]
     5/12: $0\k_cnt[6:0]
     6/12: $0\bf[6:0]
     7/12: $0\busy[0:0]
     8/12: $0\last_in_layer[0:0]
     9/12: $0\layer[2:0]
    10/12: $0\k[6:0]
    11/12: $0\addr_b[7:0]
    12/12: $0\addr_a[7:0]

11.2.8. Executing PROC_DLATCH pass (convert process syncs to latches).
No latch inferred for signal `$paramod$d56e5a6835012023f0093ddf0beac38b9be1ec88\ntt_core.\mem_ra' from process `$paramod$d56e5a6835012023f0093ddf0beac38b9be1ec88\ntt_core.$proc$rtl/ntt_core.v:197$280'.
No latch inferred for signal `$paramod$d56e5a6835012023f0093ddf0beac38b9be1ec88\ntt_core.\mem_rb' from process `$paramod$d56e5a6835012023f0093ddf0beac38b9be1ec88\ntt_core.$proc$rtl/ntt_core.v:197$280'.
No latch inferred for signal `$paramod$d56e5a6835012023f0093ddf0beac38b9be1ec88\ntt_core.\mem_wa_addr' from process `$paramod$d56e5a6835012023f0093ddf0beac38b9be1ec88\ntt_core.$proc$rtl/ntt_core.v:197$280'.
No latch inferred for signal `$paramod$d56e5a6835012023f0093ddf0beac38b9be1ec88\ntt_core.\mem_wb_addr' from process `$paramod$d56e5a6835012023f0093ddf0beac38b9be1ec88\ntt_core.$proc$rtl/ntt_core.v:197$280'.
No latch inferred for signal `$paramod$d56e5a6835012023f0093ddf0beac38b9be1ec88\ntt_core.\mem_wea' from process `$paramod$d56e5a6835012023f0093ddf0beac38b9be1ec88\ntt_core.$proc$rtl/ntt_core.v:197$280'.
No latch inferred for signal `$paramod$d56e5a6835012023f0093ddf0beac38b9be1ec88\ntt_core.\mem_web' from process `$paramod$d56e5a6835012023f0093ddf0beac38b9be1ec88\ntt_core.$proc$rtl/ntt_core.v:197$280'.
No latch inferred for signal `$paramod$d56e5a6835012023f0093ddf0beac38b9be1ec88\ntt_core.\mem_da' from process `$paramod$d56e5a6835012023f0093ddf0beac38b9be1ec88\ntt_core.$proc$rtl/ntt_core.v:197$280'.
No latch inferred for signal `$paramod$d56e5a6835012023f0093ddf0beac38b9be1ec88\ntt_core.\mem_db' from process `$paramod$d56e5a6835012023f0093ddf0beac38b9be1ec88\ntt_core.$proc$rtl/ntt_core.v:197$280'.

11.2.9. Executing PROC_DFF pass (convert process syncs to FFs).
Creating register for signal `\ntt_top.\s_axil_arready' using process `\ntt_top.$proc$rtl/ntt_top.v:111$189'.
  created $adff cell `$procdff$719' with positive edge clock and positive level reset.
Creating register for signal `\ntt_top.\s_axil_rdata' using process `\ntt_top.$proc$rtl/ntt_top.v:111$189'.
  created $adff cell `$procdff$724' with positive edge clock and positive level reset.
Creating register for signal `\ntt_top.\s_axil_rresp' using process `\ntt_top.$proc$rtl/ntt_top.v:111$189'.
  created $adff cell `$procdff$729' with positive edge clock and positive level reset.
Creating register for signal `\ntt_top.\s_axil_rvalid' using process `\ntt_top.$proc$rtl/ntt_top.v:111$189'.
  created $adff cell `$procdff$734' with positive edge clock and positive level reset.
Creating register for signal `\ntt_top.\s_axil_awready' using process `\ntt_top.$proc$rtl/ntt_top.v:82$173'.
  created $adff cell `$procdff$739' with positive edge clock and positive level reset.
Creating register for signal `\ntt_top.\s_axil_wready' using process `\ntt_top.$proc$rtl/ntt_top.v:82$173'.
  created $adff cell `$procdff$744' with positive edge clock and positive level reset.
Creating register for signal `\ntt_top.\s_axil_bresp' using process `\ntt_top.$proc$rtl/ntt_top.v:82$173'.
  created $adff cell `$procdff$749' with positive edge clock and positive level reset.
Creating register for signal `\ntt_top.\s_axil_bvalid' using process `\ntt_top.$proc$rtl/ntt_top.v:82$173'.
  created $adff cell `$procdff$754' with positive edge clock and positive level reset.
Creating register for signal `\ntt_top.\r_start' using process `\ntt_top.$proc$rtl/ntt_top.v:82$173'.
  created $adff cell `$procdff$759' with positive edge clock and positive level reset.
Creating register for signal `\ntt_top.\r_mode' using process `\ntt_top.$proc$rtl/ntt_top.v:82$173'.
  created $adff cell `$procdff$764' with positive edge clock and positive level reset.
Creating register for signal `\ntt_top.\done_sticky' using process `\ntt_top.$proc$rtl/ntt_top.v:82$173'.
  created $adff cell `$procdff$769' with positive edge clock and positive level reset.
Creating register for signal `\ntt_top.\aw_seen' using process `\ntt_top.$proc$rtl/ntt_top.v:82$173'.
  created $adff cell `$procdff$774' with positive edge clock and positive level reset.
Creating register for signal `\ntt_top.\w_seen' using process `\ntt_top.$proc$rtl/ntt_top.v:82$173'.
  created $adff cell `$procdff$779' with positive edge clock and positive level reset.
Creating register for signal `\ntt_top.\aw_addr' using process `\ntt_top.$proc$rtl/ntt_top.v:82$173'.
  created $adff cell `$procdff$784' with positive edge clock and positive level reset.
Creating register for signal `\ntt_top.\w_data' using process `\ntt_top.$proc$rtl/ntt_top.v:82$173'.
  created $adff cell `$procdff$789' with positive edge clock and positive level reset.
Creating register for signal `\ntt_top.\cyc_cnt' using process `\ntt_top.$proc$rtl/ntt_top.v:67$170'.
  created $adff cell `$procdff$794' with positive edge clock and positive level reset.
Creating register for signal `\ntt_top.\cyc_last' using process `\ntt_top.$proc$rtl/ntt_top.v:67$170'.
  created $adff cell `$procdff$799' with positive edge clock and positive level reset.
Creating register for signal `$paramod$424c79b87c72cefaa9dd23341bd15b4f73ef88de\twiddle_rom.\dout' using process `$paramod$424c79b87c72cefaa9dd23341bd15b4f73ef88de\twiddle_rom.$proc$rtl/twiddle_rom.v:48$227'.
  created $adff cell `$procdff$804' with positive edge clock and positive level reset.
Creating register for signal `$paramod$1db7ff1dbee255276a89891855cf29fa1c4c03c7\butterfly.\valid_out' using process `$paramod$1db7ff1dbee255276a89891855cf29fa1c4c03c7\butterfly.$proc$rtl/butterfly.v:151$224'.
  created $adff cell `$procdff$809' with positive edge clock and positive level reset.
Creating register for signal `$paramod$1db7ff1dbee255276a89891855cf29fa1c4c03c7\butterfly.\a_out' using process `$paramod$1db7ff1dbee255276a89891855cf29fa1c4c03c7\butterfly.$proc$rtl/butterfly.v:151$224'.
  created $adff cell `$procdff$814' with positive edge clock and positive level reset.
Creating register for signal `$paramod$1db7ff1dbee255276a89891855cf29fa1c4c03c7\butterfly.\b_out' using process `$paramod$1db7ff1dbee255276a89891855cf29fa1c4c03c7\butterfly.$proc$rtl/butterfly.v:151$224'.
  created $adff cell `$procdff$819' with positive edge clock and positive level reset.
Creating register for signal `$paramod$1db7ff1dbee255276a89891855cf29fa1c4c03c7\butterfly.\i' using process `$paramod$1db7ff1dbee255276a89891855cf29fa1c4c03c7\butterfly.$proc$rtl/butterfly.v:119$222'.
  created $adff cell `$procdff$824' with positive edge clock and positive level reset.
Creating register for signal `$paramod$1db7ff1dbee255276a89891855cf29fa1c4c03c7\butterfly.\keep_dly[0]' using process `$paramod$1db7ff1dbee255276a89891855cf29fa1c4c03c7\butterfly.$proc$rtl/butterfly.v:119$222'.
  created $adff cell `$procdff$829' with positive edge clock and positive level reset.
Creating register for signal `$paramod$1db7ff1dbee255276a89891855cf29fa1c4c03c7\butterfly.\keep_dly[1]' using process `$paramod$1db7ff1dbee255276a89891855cf29fa1c4c03c7\butterfly.$proc$rtl/butterfly.v:119$222'.
  created $adff cell `$procdff$834' with positive edge clock and positive level reset.
Creating register for signal `$paramod$1db7ff1dbee255276a89891855cf29fa1c4c03c7\butterfly.\keep_dly[2]' using process `$paramod$1db7ff1dbee255276a89891855cf29fa1c4c03c7\butterfly.$proc$rtl/butterfly.v:119$222'.
  created $adff cell `$procdff$839' with positive edge clock and positive level reset.
Creating register for signal `$paramod$1db7ff1dbee255276a89891855cf29fa1c4c03c7\butterfly.\mode_dly[0]' using process `$paramod$1db7ff1dbee255276a89891855cf29fa1c4c03c7\butterfly.$proc$rtl/butterfly.v:119$222'.
  created $adff cell `$procdff$844' with positive edge clock and positive level reset.
Creating register for signal `$paramod$1db7ff1dbee255276a89891855cf29fa1c4c03c7\butterfly.\mode_dly[1]' using process `$paramod$1db7ff1dbee255276a89891855cf29fa1c4c03c7\butterfly.$proc$rtl/butterfly.v:119$222'.
  created $adff cell `$procdff$849' with positive edge clock and positive level reset.
Creating register for signal `$paramod$1db7ff1dbee255276a89891855cf29fa1c4c03c7\butterfly.\mode_dly[2]' using process `$paramod$1db7ff1dbee255276a89891855cf29fa1c4c03c7\butterfly.$proc$rtl/butterfly.v:119$222'.
  created $adff cell `$procdff$854' with positive edge clock and positive level reset.
Creating register for signal `$paramod$1db7ff1dbee255276a89891855cf29fa1c4c03c7\mont_mul.\out' using process `$paramod$1db7ff1dbee255276a89891855cf29fa1c4c03c7\mont_mul.$proc$rtl/mont_mul.v:34$212'.
  created $adff cell `$procdff$859' with positive edge clock and positive level reset.
Creating register for signal `$paramod$1db7ff1dbee255276a89891855cf29fa1c4c03c7\mont_mul.\valid_out' using process `$paramod$1db7ff1dbee255276a89891855cf29fa1c4c03c7\mont_mul.$proc$rtl/mont_mul.v:34$212'.
  created $adff cell `$procdff$864' with positive edge clock and positive level reset.
Creating register for signal `$paramod$1db7ff1dbee255276a89891855cf29fa1c4c03c7\mont_mul.\t_s1' using process `$paramod$1db7ff1dbee255276a89891855cf29fa1c4c03c7\mont_mul.$proc$rtl/mont_mul.v:34$212'.
  created $adff cell `$procdff$869' with positive edge clock and positive level reset.
Creating register for signal `$paramod$1db7ff1dbee255276a89891855cf29fa1c4c03c7\mont_mul.\v_s1' using process `$paramod$1db7ff1dbee255276a89891855cf29fa1c4c03c7\mont_mul.$proc$rtl/mont_mul.v:34$212'.
  created $adff cell `$procdff$874' with positive edge clock and positive level reset.
Creating register for signal `$paramod$1db7ff1dbee255276a89891855cf29fa1c4c03c7\mont_mul.\t_s2' using process `$paramod$1db7ff1dbee255276a89891855cf29fa1c4c03c7\mont_mul.$proc$rtl/mont_mul.v:34$212'.
  created $adff cell `$procdff$879' with positive edge clock and positive level reset.
Creating register for signal `$paramod$1db7ff1dbee255276a89891855cf29fa1c4c03c7\mont_mul.\m_s2' using process `$paramod$1db7ff1dbee255276a89891855cf29fa1c4c03c7\mont_mul.$proc$rtl/mont_mul.v:34$212'.
  created $adff cell `$procdff$884' with positive edge clock and positive level reset.
Creating register for signal `$paramod$1db7ff1dbee255276a89891855cf29fa1c4c03c7\mont_mul.\v_s2' using process `$paramod$1db7ff1dbee255276a89891855cf29fa1c4c03c7\mont_mul.$proc$rtl/mont_mul.v:34$212'.
  created $adff cell `$procdff$889' with positive edge clock and positive level reset.
Creating register for signal `\coeff_mem.\rbank_a_d' using process `\coeff_mem.$proc$rtl/coeff_mem.v:49$87'.
  created $adff cell `$procdff$894' with positive edge clock and positive level reset.
Creating register for signal `\coeff_mem.\rbank_b_d' using process `\coeff_mem.$proc$rtl/coeff_mem.v:49$87'.
  created $adff cell `$procdff$899' with positive edge clock and positive level reset.
Creating register for signal `\coeff_mem.\q1' using process `\coeff_mem.$proc$rtl/coeff_mem.v:43$79'.
  created $dff cell `$procdff$900' with positive edge clock.
Creating register for signal `\coeff_mem.$memwr$\bank1$rtl/coeff_mem.v:44$50_ADDR' using process `\coeff_mem.$proc$rtl/coeff_mem.v:43$79'.
  created $dff cell `$procdff$901' with positive edge clock.
Creating register for signal `\coeff_mem.$memwr$\bank1$rtl/coeff_mem.v:44$50_DATA' using process `\coeff_mem.$proc$rtl/coeff_mem.v:43$79'.
  created $dff cell `$procdff$902' with positive edge clock.
Creating register for signal `\coeff_mem.$memwr$\bank1$rtl/coeff_mem.v:44$50_EN' using process `\coeff_mem.$proc$rtl/coeff_mem.v:43$79'.
  created $dff cell `$procdff$903' with positive edge clock.
Creating register for signal `\coeff_mem.\q0' using process `\coeff_mem.$proc$rtl/coeff_mem.v:39$71'.
  created $dff cell `$procdff$904' with positive edge clock.
Creating register for signal `\coeff_mem.$memwr$\bank0$rtl/coeff_mem.v:40$49_ADDR' using process `\coeff_mem.$proc$rtl/coeff_mem.v:39$71'.
  created $dff cell `$procdff$905' with positive edge clock.
Creating register for signal `\coeff_mem.$memwr$\bank0$rtl/coeff_mem.v:40$49_DATA' using process `\coeff_mem.$proc$rtl/coeff_mem.v:39$71'.
  created $dff cell `$procdff$906' with positive edge clock.
Creating register for signal `\coeff_mem.$memwr$\bank0$rtl/coeff_mem.v:40$49_EN' using process `\coeff_mem.$proc$rtl/coeff_mem.v:39$71'.
  created $dff cell `$procdff$907' with positive edge clock.
Creating register for signal `$paramod$d56e5a6835012023f0093ddf0beac38b9be1ec88\ntt_core.\busy' using process `$paramod$d56e5a6835012023f0093ddf0beac38b9be1ec88\ntt_core.$proc$rtl/ntt_core.v:133$264'.
  created $adff cell `$procdff$912' with positive edge clock and positive level reset.
Creating register for signal `$paramod$d56e5a6835012023f0093ddf0beac38b9be1ec88\ntt_core.\done' using process `$paramod$d56e5a6835012023f0093ddf0beac38b9be1ec88\ntt_core.$proc$rtl/ntt_core.v:133$264'.
  created $adff cell `$procdff$917' with positive edge clock and positive level reset.
Creating register for signal `$paramod$d56e5a6835012023f0093ddf0beac38b9be1ec88\ntt_core.\mode_r' using process `$paramod$d56e5a6835012023f0093ddf0beac38b9be1ec88\ntt_core.$proc$rtl/ntt_core.v:133$264'.
  created $adff cell `$procdff$922' with positive edge clock and positive level reset.
Creating register for signal `$paramod$d56e5a6835012023f0093ddf0beac38b9be1ec88\ntt_core.\m_valid' using process `$paramod$d56e5a6835012023f0093ddf0beac38b9be1ec88\ntt_core.$proc$rtl/ntt_core.v:133$264'.
  created $adff cell `$procdff$927' with positive edge clock and positive level reset.
Creating register for signal `$paramod$d56e5a6835012023f0093ddf0beac38b9be1ec88\ntt_core.\m_data' using process `$paramod$d56e5a6835012023f0093ddf0beac38b9be1ec88\ntt_core.$proc$rtl/ntt_core.v:133$264'.
  created $adff cell `$procdff$932' with positive edge clock and positive level reset.
Creating register for signal `$paramod$d56e5a6835012023f0093ddf0beac38b9be1ec88\ntt_core.\m_last' using process `$paramod$d56e5a6835012023f0093ddf0beac38b9be1ec88\ntt_core.$proc$rtl/ntt_core.v:133$264'.
  created $adff cell `$procdff$937' with positive edge clock and positive level reset.
Creating register for signal `$paramod$d56e5a6835012023f0093ddf0beac38b9be1ec88\ntt_core.\state' using process `$paramod$d56e5a6835012023f0093ddf0beac38b9be1ec88\ntt_core.$proc$rtl/ntt_core.v:133$264'.
  created $adff cell `$procdff$942' with positive edge clock and positive level reset.
Creating register for signal `$paramod$d56e5a6835012023f0093ddf0beac38b9be1ec88\ntt_core.\cnt' using process `$paramod$d56e5a6835012023f0093ddf0beac38b9be1ec88\ntt_core.$proc$rtl/ntt_core.v:133$264'.
  created $adff cell `$procdff$947' with positive edge clock and positive level reset.
Creating register for signal `$paramod$d56e5a6835012023f0093ddf0beac38b9be1ec88\ntt_core.\ag_start' using process `$paramod$d56e5a6835012023f0093ddf0beac38b9be1ec88\ntt_core.$proc$rtl/ntt_core.v:133$264'.
  created $adff cell `$procdff$952' with positive edge clock and positive level reset.
Creating register for signal `$paramod$d56e5a6835012023f0093ddf0beac38b9be1ec88\ntt_core.\ag_en' using process `$paramod$d56e5a6835012023f0093ddf0beac38b9be1ec88\ntt_core.$proc$rtl/ntt_core.v:133$264'.
  created $adff cell `$procdff$957' with positive edge clock and positive level reset.
Creating register for signal `$paramod$d56e5a6835012023f0093ddf0beac38b9be1ec88\ntt_core.\draining' using process `$paramod$d56e5a6835012023f0093ddf0beac38b9be1ec88\ntt_core.$proc$rtl/ntt_core.v:133$264'.
  created $adff cell `$procdff$962' with positive edge clock and positive level reset.
Creating register for signal `$paramod$d56e5a6835012023f0093ddf0beac38b9be1ec88\ntt_core.\run_finished' using process `$paramod$d56e5a6835012023f0093ddf0beac38b9be1ec88\ntt_core.$proc$rtl/ntt_core.v:133$264'.
  created $adff cell `$procdff$967' with positive edge clock and positive level reset.
Creating register for signal `$paramod$d56e5a6835012023f0093ddf0beac38b9be1ec88\ntt_core.\inflight' using process `$paramod$d56e5a6835012023f0093ddf0beac38b9be1ec88\ntt_core.$proc$rtl/ntt_core.v:124$255'.
  created $adff cell `$procdff$972' with positive edge clock and positive level reset.
Creating register for signal `$paramod$d56e5a6835012023f0093ddf0beac38b9be1ec88\ntt_core.\i' using process `$paramod$d56e5a6835012023f0093ddf0beac38b9be1ec88\ntt_core.$proc$rtl/ntt_core.v:106$250'.
  created $adff cell `$procdff$977' with positive edge clock and positive level reset.
Creating register for signal `$paramod$d56e5a6835012023f0093ddf0beac38b9be1ec88\ntt_core.\wa_dly[0]' using process `$paramod$d56e5a6835012023f0093ddf0beac38b9be1ec88\ntt_core.$proc$rtl/ntt_core.v:106$250'.
  created $adff cell `$procdff$982' with positive edge clock and positive level reset.
Creating register for signal `$paramod$d56e5a6835012023f0093ddf0beac38b9be1ec88\ntt_core.\wa_dly[1]' using process `$paramod$d56e5a6835012023f0093ddf0beac38b9be1ec88\ntt_core.$proc$rtl/ntt_core.v:106$250'.
  created $adff cell `$procdff$987' with positive edge clock and positive level reset.
Creating register for signal `$paramod$d56e5a6835012023f0093ddf0beac38b9be1ec88\ntt_core.\wa_dly[2]' using process `$paramod$d56e5a6835012023f0093ddf0beac38b9be1ec88\ntt_core.$proc$rtl/ntt_core.v:106$250'.
  created $adff cell `$procdff$992' with positive edge clock and positive level reset.
Creating register for signal `$paramod$d56e5a6835012023f0093ddf0beac38b9be1ec88\ntt_core.\wa_dly[3]' using process `$paramod$d56e5a6835012023f0093ddf0beac38b9be1ec88\ntt_core.$proc$rtl/ntt_core.v:106$250'.
  created $adff cell `$procdff$997' with positive edge clock and positive level reset.
Creating register for signal `$paramod$d56e5a6835012023f0093ddf0beac38b9be1ec88\ntt_core.\wa_dly[4]' using process `$paramod$d56e5a6835012023f0093ddf0beac38b9be1ec88\ntt_core.$proc$rtl/ntt_core.v:106$250'.
  created $adff cell `$procdff$1002' with positive edge clock and positive level reset.
Creating register for signal `$paramod$d56e5a6835012023f0093ddf0beac38b9be1ec88\ntt_core.\wb_dly[0]' using process `$paramod$d56e5a6835012023f0093ddf0beac38b9be1ec88\ntt_core.$proc$rtl/ntt_core.v:106$250'.
  created $adff cell `$procdff$1007' with positive edge clock and positive level reset.
Creating register for signal `$paramod$d56e5a6835012023f0093ddf0beac38b9be1ec88\ntt_core.\wb_dly[1]' using process `$paramod$d56e5a6835012023f0093ddf0beac38b9be1ec88\ntt_core.$proc$rtl/ntt_core.v:106$250'.
  created $adff cell `$procdff$1012' with positive edge clock and positive level reset.
Creating register for signal `$paramod$d56e5a6835012023f0093ddf0beac38b9be1ec88\ntt_core.\wb_dly[2]' using process `$paramod$d56e5a6835012023f0093ddf0beac38b9be1ec88\ntt_core.$proc$rtl/ntt_core.v:106$250'.
  created $adff cell `$procdff$1017' with positive edge clock and positive level reset.
Creating register for signal `$paramod$d56e5a6835012023f0093ddf0beac38b9be1ec88\ntt_core.\wb_dly[3]' using process `$paramod$d56e5a6835012023f0093ddf0beac38b9be1ec88\ntt_core.$proc$rtl/ntt_core.v:106$250'.
  created $adff cell `$procdff$1022' with positive edge clock and positive level reset.
Creating register for signal `$paramod$d56e5a6835012023f0093ddf0beac38b9be1ec88\ntt_core.\wb_dly[4]' using process `$paramod$d56e5a6835012023f0093ddf0beac38b9be1ec88\ntt_core.$proc$rtl/ntt_core.v:106$250'.
  created $adff cell `$procdff$1027' with positive edge clock and positive level reset.
Creating register for signal `$paramod$d56e5a6835012023f0093ddf0beac38b9be1ec88\ntt_core.\sc_dly[0]' using process `$paramod$d56e5a6835012023f0093ddf0beac38b9be1ec88\ntt_core.$proc$rtl/ntt_core.v:106$250'.
  created $adff cell `$procdff$1032' with positive edge clock and positive level reset.
Creating register for signal `$paramod$d56e5a6835012023f0093ddf0beac38b9be1ec88\ntt_core.\sc_dly[1]' using process `$paramod$d56e5a6835012023f0093ddf0beac38b9be1ec88\ntt_core.$proc$rtl/ntt_core.v:106$250'.
  created $adff cell `$procdff$1037' with positive edge clock and positive level reset.
Creating register for signal `$paramod$d56e5a6835012023f0093ddf0beac38b9be1ec88\ntt_core.\sc_dly[2]' using process `$paramod$d56e5a6835012023f0093ddf0beac38b9be1ec88\ntt_core.$proc$rtl/ntt_core.v:106$250'.
  created $adff cell `$procdff$1042' with positive edge clock and positive level reset.
Creating register for signal `$paramod$d56e5a6835012023f0093ddf0beac38b9be1ec88\ntt_core.\sc_dly[3]' using process `$paramod$d56e5a6835012023f0093ddf0beac38b9be1ec88\ntt_core.$proc$rtl/ntt_core.v:106$250'.
  created $adff cell `$procdff$1047' with positive edge clock and positive level reset.
Creating register for signal `$paramod$d56e5a6835012023f0093ddf0beac38b9be1ec88\ntt_core.\sc_dly[4]' using process `$paramod$d56e5a6835012023f0093ddf0beac38b9be1ec88\ntt_core.$proc$rtl/ntt_core.v:106$250'.
  created $adff cell `$procdff$1052' with positive edge clock and positive level reset.
Creating register for signal `$paramod$d56e5a6835012023f0093ddf0beac38b9be1ec88\ntt_core.\r_valid' using process `$paramod$d56e5a6835012023f0093ddf0beac38b9be1ec88\ntt_core.$proc$rtl/ntt_core.v:78$237'.
  created $adff cell `$procdff$1057' with positive edge clock and positive level reset.
Creating register for signal `$paramod$d56e5a6835012023f0093ddf0beac38b9be1ec88\ntt_core.\r_scale' using process `$paramod$d56e5a6835012023f0093ddf0beac38b9be1ec88\ntt_core.$proc$rtl/ntt_core.v:78$237'.
  created $adff cell `$procdff$1062' with positive edge clock and positive level reset.
Creating register for signal `\addr_gen.\valid' using process `\addr_gen.$proc$rtl/addr_gen.v:93$17'.
  created $adff cell `$procdff$1067' with positive edge clock and positive level reset.
Creating register for signal `\addr_gen.\addr_a' using process `\addr_gen.$proc$rtl/addr_gen.v:93$17'.
  created $adff cell `$procdff$1072' with positive edge clock and positive level reset.
Creating register for signal `\addr_gen.\addr_b' using process `\addr_gen.$proc$rtl/addr_gen.v:93$17'.
  created $adff cell `$procdff$1077' with positive edge clock and positive level reset.
Creating register for signal `\addr_gen.\k' using process `\addr_gen.$proc$rtl/addr_gen.v:93$17'.
  created $adff cell `$procdff$1082' with positive edge clock and positive level reset.
Creating register for signal `\addr_gen.\layer' using process `\addr_gen.$proc$rtl/addr_gen.v:93$17'.
  created $adff cell `$procdff$1087' with positive edge clock and positive level reset.
Creating register for signal `\addr_gen.\last_in_layer' using process `\addr_gen.$proc$rtl/addr_gen.v:93$17'.
  created $adff cell `$procdff$1092' with positive edge clock and positive level reset.
Creating register for signal `\addr_gen.\busy' using process `\addr_gen.$proc$rtl/addr_gen.v:93$17'.
  created $adff cell `$procdff$1097' with positive edge clock and positive level reset.
Creating register for signal `\addr_gen.\done' using process `\addr_gen.$proc$rtl/addr_gen.v:93$17'.
  created $adff cell `$procdff$1102' with positive edge clock and positive level reset.
Creating register for signal `\addr_gen.\bf' using process `\addr_gen.$proc$rtl/addr_gen.v:93$17'.
  created $adff cell `$procdff$1107' with positive edge clock and positive level reset.
Creating register for signal `\addr_gen.\k_cnt' using process `\addr_gen.$proc$rtl/addr_gen.v:93$17'.
  created $adff cell `$procdff$1112' with positive edge clock and positive level reset.
Creating register for signal `\addr_gen.\layer_cnt' using process `\addr_gen.$proc$rtl/addr_gen.v:93$17'.
  created $adff cell `$procdff$1117' with positive edge clock and positive level reset.
Creating register for signal `\addr_gen.\mode_r' using process `\addr_gen.$proc$rtl/addr_gen.v:93$17'.
  created $adff cell `$procdff$1122' with positive edge clock and positive level reset.

11.2.10. Executing PROC_MEMWR pass (convert process memory writes to cells).

11.2.11. Executing PROC_CLEAN pass (remove empty switches from decision trees).
Found and cleaned up 3 empty switches in `\ntt_top.$proc$rtl/ntt_top.v:111$189'.
Removing empty process `ntt_top.$proc$rtl/ntt_top.v:111$189'.
Found and cleaned up 8 empty switches in `\ntt_top.$proc$rtl/ntt_top.v:82$173'.
Removing empty process `ntt_top.$proc$rtl/ntt_top.v:82$173'.
Found and cleaned up 3 empty switches in `\ntt_top.$proc$rtl/ntt_top.v:67$170'.
Removing empty process `ntt_top.$proc$rtl/ntt_top.v:67$170'.
Found and cleaned up 1 empty switch in `$paramod$424c79b87c72cefaa9dd23341bd15b4f73ef88de\twiddle_rom.$proc$rtl/twiddle_rom.v:48$227'.
Removing empty process `$paramod$424c79b87c72cefaa9dd23341bd15b4f73ef88de\twiddle_rom.$proc$rtl/twiddle_rom.v:48$227'.
Found and cleaned up 1 empty switch in `$paramod$1db7ff1dbee255276a89891855cf29fa1c4c03c7\butterfly.$proc$rtl/butterfly.v:151$224'.
Removing empty process `$paramod$1db7ff1dbee255276a89891855cf29fa1c4c03c7\butterfly.$proc$rtl/butterfly.v:151$224'.
Removing empty process `$paramod$1db7ff1dbee255276a89891855cf29fa1c4c03c7\butterfly.$proc$rtl/butterfly.v:119$222'.
Removing empty process `$paramod$1db7ff1dbee255276a89891855cf29fa1c4c03c7\mont_mul.$proc$rtl/mont_mul.v:34$212'.
Found and cleaned up 1 empty switch in `\coeff_mem.$proc$rtl/coeff_mem.v:49$87'.
Removing empty process `coeff_mem.$proc$rtl/coeff_mem.v:49$87'.
Found and cleaned up 2 empty switches in `\coeff_mem.$proc$rtl/coeff_mem.v:43$79'.
Removing empty process `coeff_mem.$proc$rtl/coeff_mem.v:43$79'.
Found and cleaned up 2 empty switches in `\coeff_mem.$proc$rtl/coeff_mem.v:39$71'.
Removing empty process `coeff_mem.$proc$rtl/coeff_mem.v:39$71'.
Found and cleaned up 4 empty switches in `$paramod$d56e5a6835012023f0093ddf0beac38b9be1ec88\ntt_core.$proc$rtl/ntt_core.v:197$280'.
Removing empty process `$paramod$d56e5a6835012023f0093ddf0beac38b9be1ec88\ntt_core.$proc$rtl/ntt_core.v:197$280'.
Found and cleaned up 13 empty switches in `$paramod$d56e5a6835012023f0093ddf0beac38b9be1ec88\ntt_core.$proc$rtl/ntt_core.v:133$264'.
Removing empty process `$paramod$d56e5a6835012023f0093ddf0beac38b9be1ec88\ntt_core.$proc$rtl/ntt_core.v:133$264'.
Removing empty process `$paramod$d56e5a6835012023f0093ddf0beac38b9be1ec88\ntt_core.$proc$rtl/ntt_core.v:124$255'.
Removing empty process `$paramod$d56e5a6835012023f0093ddf0beac38b9be1ec88\ntt_core.$proc$rtl/ntt_core.v:106$250'.
Removing empty process `$paramod$d56e5a6835012023f0093ddf0beac38b9be1ec88\ntt_core.$proc$rtl/ntt_core.v:78$237'.
Found and cleaned up 5 empty switches in `\addr_gen.$proc$rtl/addr_gen.v:93$17'.
Removing empty process `addr_gen.$proc$rtl/addr_gen.v:93$17'.
Cleaned up 43 empty switches.

11.2.12. Executing OPT_EXPR pass (perform const folding).
Optimizing module ntt_top.
<suppressed ~36 debug messages>
Optimizing module $paramod$424c79b87c72cefaa9dd23341bd15b4f73ef88de\twiddle_rom.
<suppressed ~2 debug messages>
Optimizing module $paramod$1db7ff1dbee255276a89891855cf29fa1c4c03c7\butterfly.
<suppressed ~23 debug messages>
Optimizing module $paramod$1db7ff1dbee255276a89891855cf29fa1c4c03c7\mont_mul.
<suppressed ~14 debug messages>
Optimizing module coeff_mem.
<suppressed ~16 debug messages>
Optimizing module $paramod$aa299135ef121b8073ba3582f9a48aa1a2dfcb7f\mod_addsub.
Optimizing module $paramod$d56e5a6835012023f0093ddf0beac38b9be1ec88\ntt_core.
<suppressed ~74 debug messages>
Optimizing module addr_gen.
<suppressed ~24 debug messages>

11.3. Executing CHECK pass (checking for obvious problems).
Checking module ntt_top...
Checking module $paramod$424c79b87c72cefaa9dd23341bd15b4f73ef88de\twiddle_rom...
Checking module $paramod$1db7ff1dbee255276a89891855cf29fa1c4c03c7\butterfly...
Checking module $paramod$1db7ff1dbee255276a89891855cf29fa1c4c03c7\mont_mul...
Checking module coeff_mem...
Checking module $paramod$aa299135ef121b8073ba3582f9a48aa1a2dfcb7f\mod_addsub...
Checking module $paramod$d56e5a6835012023f0093ddf0beac38b9be1ec88\ntt_core...
Checking module addr_gen...
Found and reported 0 problems.

11.4. Executing FLATTEN pass (flatten design).
Deleting now unused module $paramod$424c79b87c72cefaa9dd23341bd15b4f73ef88de\twiddle_rom.
Deleting now unused module $paramod$1db7ff1dbee255276a89891855cf29fa1c4c03c7\butterfly.
Deleting now unused module $paramod$1db7ff1dbee255276a89891855cf29fa1c4c03c7\mont_mul.
Deleting now unused module coeff_mem.
Deleting now unused module $paramod$aa299135ef121b8073ba3582f9a48aa1a2dfcb7f\mod_addsub.
Deleting now unused module $paramod$d56e5a6835012023f0093ddf0beac38b9be1ec88\ntt_core.
Deleting now unused module addr_gen.
<suppressed ~8 debug messages>

11.5. Executing OPT_EXPR pass (perform const folding).
Optimizing module ntt_top.
<suppressed ~1 debug messages>

11.6. Executing OPT_CLEAN pass (remove unused cells and wires).
Finding unused cells or wires in module \ntt_top..
Removed 110 unused cells and 506 unused wires.
<suppressed ~121 debug messages>

11.7. Executing CHECK pass (checking for obvious problems).
Checking module ntt_top...
Found and reported 0 problems.

11.8. Executing OPT pass (performing simple optimizations).

11.8.1. Executing OPT_EXPR pass (perform const folding).
Optimizing module ntt_top.

11.8.2. Executing OPT_MERGE pass (detect identical cells).
Finding identical cells in module `\ntt_top'.
Computing hashes of 413 cells of `\ntt_top'.
Finding duplicate cells in `\ntt_top'.
Computing hashes of 371 cells of `\ntt_top'.
Finding duplicate cells in `\ntt_top'.
Computing hashes of 370 cells of `\ntt_top'.
Finding duplicate cells in `\ntt_top'.
<suppressed ~129 debug messages>
Removed a total of 43 cells.

11.8.3. Executing OPT_MUXTREE pass (detect dead branches in mux trees).
Running muxtree optimizer on module \ntt_top..
  Creating internal representation of mux trees.
  Evaluating internal representation of mux trees.
  Analyzing evaluation results.
    dead port 1/2 on $mux $flatten\u_core.$procmux$466.
    dead port 1/2 on $mux $flatten\u_core.$procmux$460.
    dead port 1/2 on $mux $flatten\u_core.$procmux$454.
    dead port 1/2 on $mux $flatten\u_core.$procmux$448.
    dead port 1/2 on $mux $flatten\u_core.$procmux$442.
    dead port 1/2 on $mux $flatten\u_core.$procmux$436.
    dead port 1/2 on $mux $flatten\u_core.$procmux$430.
    dead port 2/2 on $mux $flatten\u_core.$procmux$427.
    dead port 1/2 on $mux $flatten\u_core.$procmux$421.
    dead port 2/2 on $mux $flatten\u_core.$procmux$418.
    dead port 1/2 on $mux $flatten\u_core.$procmux$412.
    dead port 2/2 on $mux $flatten\u_core.$procmux$409.
    dead port 1/2 on $mux $flatten\u_core.$procmux$404.
    dead port 2/2 on $mux $flatten\u_core.$procmux$401.
    dead port 1/2 on $mux $flatten\u_core.$procmux$395.
    dead port 2/2 on $mux $flatten\u_core.$procmux$392.
    dead port 1/2 on $mux $flatten\u_core.$procmux$387.
    dead port 2/2 on $mux $flatten\u_core.$procmux$384.
Removed 18 multiplexer ports.
<suppressed ~321 debug messages>

11.8.4. Executing OPT_REDUCE pass (consolidate $*mux and $reduce_* inputs).
  Optimizing cells in module \ntt_top.
    New ctrl vector for $pmux cell $flatten\u_core.$procmux$492: $auto$opt_reduce.cc:137:opt_pmux$1144
    New ctrl vector for $pmux cell $flatten\u_core.$procmux$487: $auto$opt_reduce.cc:137:opt_pmux$1146
    Consolidated identical input bits for $mux cell $flatten\u_core.\u_mem.$procmux$370:
      Old ports: A=12'000000000000, B=12'111111111111, Y=$flatten\u_core.\u_mem.$0$memwr$\bank0$rtl/coeff_mem.v:40$49_EN[11:0]$74
      New ports: A=1'0, B=1'1, Y=$flatten\u_core.\u_mem.$0$memwr$\bank0$rtl/coeff_mem.v:40$49_EN[11:0]$74 [0]
      New connections: $flatten\u_core.\u_mem.$0$memwr$\bank0$rtl/coeff_mem.v:40$49_EN[11:0]$74 [11:1] = { $flatten\u_core.\u_mem.$0$memwr$\bank0$rtl/coeff_mem.v:40$49_EN[11:0]$74 [0] $flatten\u_core.\u_mem.$0$memwr$\bank0$rtl/coeff_mem.v:40$49_EN[11:0]$74 [0] $flatten\u_core.\u_mem.$0$memwr$\bank0$rtl/coeff_mem.v:40$49_EN[11:0]$74 [0] $flatten\u_core.\u_mem.$0$memwr$\bank0$rtl/coeff_mem.v:40$49_EN[11:0]$74 [0] $flatten\u_core.\u_mem.$0$memwr$\bank0$rtl/coeff_mem.v:40$49_EN[11:0]$74 [0] $flatten\u_core.\u_mem.$0$memwr$\bank0$rtl/coeff_mem.v:40$49_EN[11:0]$74 [0] $flatten\u_core.\u_mem.$0$memwr$\bank0$rtl/coeff_mem.v:40$49_EN[11:0]$74 [0] $flatten\u_core.\u_mem.$0$memwr$\bank0$rtl/coeff_mem.v:40$49_EN[11:0]$74 [0] $flatten\u_core.\u_mem.$0$memwr$\bank0$rtl/coeff_mem.v:40$49_EN[11:0]$74 [0] $flatten\u_core.\u_mem.$0$memwr$\bank0$rtl/coeff_mem.v:40$49_EN[11:0]$74 [0] $flatten\u_core.\u_mem.$0$memwr$\bank0$rtl/coeff_mem.v:40$49_EN[11:0]$74 [0] }
    Consolidated identical input bits for $mux cell $flatten\u_core.\u_mem.$procmux$359:
      Old ports: A=12'000000000000, B=12'111111111111, Y=$flatten\u_core.\u_mem.$0$memwr$\bank1$rtl/coeff_mem.v:44$50_EN[11:0]$82
      New ports: A=1'0, B=1'1, Y=$flatten\u_core.\u_mem.$0$memwr$\bank1$rtl/coeff_mem.v:44$50_EN[11:0]$82 [0]
      New connections: $flatten\u_core.\u_mem.$0$memwr$\bank1$rtl/coeff_mem.v:44$50_EN[11:0]$82 [11:1] = { $flatten\u_core.\u_mem.$0$memwr$\bank1$rtl/coeff_mem.v:44$50_EN[11:0]$82 [0] $flatten\u_core.\u_mem.$0$memwr$\bank1$rtl/coeff_mem.v:44$50_EN[11:0]$82 [0] $flatten\u_core.\u_mem.$0$memwr$\bank1$rtl/coeff_mem.v:44$50_EN[11:0]$82 [0] $flatten\u_core.\u_mem.$0$memwr$\bank1$rtl/coeff_mem.v:44$50_EN[11:0]$82 [0] $flatten\u_core.\u_mem.$0$memwr$\bank1$rtl/coeff_mem.v:44$50_EN[11:0]$82 [0] $flatten\u_core.\u_mem.$0$memwr$\bank1$rtl/coeff_mem.v:44$50_EN[11:0]$82 [0] $flatten\u_core.\u_mem.$0$memwr$\bank1$rtl/coeff_mem.v:44$50_EN[11:0]$82 [0] $flatten\u_core.\u_mem.$0$memwr$\bank1$rtl/coeff_mem.v:44$50_EN[11:0]$82 [0] $flatten\u_core.\u_mem.$0$memwr$\bank1$rtl/coeff_mem.v:44$50_EN[11:0]$82 [0] $flatten\u_core.\u_mem.$0$memwr$\bank1$rtl/coeff_mem.v:44$50_EN[11:0]$82 [0] $flatten\u_core.\u_mem.$0$memwr$\bank1$rtl/coeff_mem.v:44$50_EN[11:0]$82 [0] }
  Optimizing cells in module \ntt_top.
Performed a total of 4 changes.

11.8.5. Executing OPT_MERGE pass (detect identical cells).
Finding identical cells in module `\ntt_top'.
Computing hashes of 354 cells of `\ntt_top'.
Finding duplicate cells in `\ntt_top'.
Computing hashes of 353 cells of `\ntt_top'.
Finding duplicate cells in `\ntt_top'.
<suppressed ~3 debug messages>
Removed a total of 1 cells.

11.8.6. Executing OPT_DFF pass (perform DFF optimizations).

11.8.7. Executing OPT_CLEAN pass (remove unused cells and wires).
Finding unused cells or wires in module \ntt_top..
Removed 0 unused cells and 61 unused wires.
<suppressed ~1 debug messages>

11.8.8. Executing OPT_EXPR pass (perform const folding).
Optimizing module ntt_top.

11.8.9. Rerunning OPT passes. (Maybe there is more to do..)

11.8.10. Executing OPT_MUXTREE pass (detect dead branches in mux trees).
Running muxtree optimizer on module \ntt_top..
  Creating internal representation of mux trees.
  Evaluating internal representation of mux trees.
  Analyzing evaluation results.
Removed 0 multiplexer ports.
<suppressed ~273 debug messages>

11.8.11. Executing OPT_REDUCE pass (consolidate $*mux and $reduce_* inputs).
  Optimizing cells in module \ntt_top.
Performed a total of 0 changes.

11.8.12. Executing OPT_MERGE pass (detect identical cells).
Finding identical cells in module `\ntt_top'.
Computing hashes of 353 cells of `\ntt_top'.
Finding duplicate cells in `\ntt_top'.
Removed a total of 0 cells.

11.8.13. Executing OPT_DFF pass (perform DFF optimizations).

11.8.14. Executing OPT_CLEAN pass (remove unused cells and wires).
Finding unused cells or wires in module \ntt_top..

11.8.15. Executing OPT_EXPR pass (perform const folding).
Optimizing module ntt_top.

11.8.16. Finished fast OPT passes. (There is nothing left to do.)

11.9. Executing FSM pass (extract and optimize FSM).

11.9.1. Executing FSM_DETECT pass (finding FSMs in design).
Found FSM state register ntt_top.u_core.state.
Not marking ntt_top.s_axil_rresp as FSM state register:
    Register is connected to module port.
    Users of register don't seem to benefit from recoding.
Not marking ntt_top.s_axil_bresp as FSM state register:
    Register is connected to module port.
    Users of register don't seem to benefit from recoding.

11.9.2. Executing FSM_EXTRACT pass (extracting FSM from design).
Extracting FSM `\u_core.state' from module `\ntt_top'.
  found $adff cell for state register: $flatten\u_core.$procdff$942
  root of input selection tree: $flatten\u_core.$0\state[2:0]
  found reset state: 3'000 (from async reset)
  found ctrl input: $flatten\u_core.$procmux$497_CMP
  found ctrl input: $flatten\u_core.$eq$rtl/ntt_core.v:69$235_Y
  found ctrl input: $flatten\u_core.$0\r_scale[0:0]
  found ctrl input: $flatten\u_core.$eq$rtl/ntt_core.v:81$239_Y
  found ctrl input: \s_axis_tready
  found ctrl input: $flatten\u_core.$procmux$518_CMP
  found ctrl input: \u_core.adv
  found ctrl input: $flatten\u_core.$eq$rtl/ntt_core.v:187$279_Y
  found state code: 3'101
  found ctrl input: $flatten\u_core.$lt$rtl/ntt_core.v:172$271_Y
  found ctrl input: \u_core.pipe_empty
  found state code: 3'100
  found ctrl input: $flatten\u_core.$logic_and$rtl/ntt_core.v:160$269_Y
  found ctrl input: \u_core.run_finished
  found ctrl input: \u_core.mode_r
  found state code: 3'011
  found ctrl input: \u_core.s_valid
  found ctrl input: $flatten\u_core.$eq$rtl/ntt_core.v:149$266_Y
  found state code: 3'010
  found ctrl input: \r_start
  found state code: 3'001
  found ctrl output: $flatten\u_core.$procmux$497_CMP
  found ctrl output: $flatten\u_core.$procmux$518_CMP
  found ctrl output: $flatten\u_core.$0\r_scale[0:0]
  found ctrl output: $flatten\u_core.$eq$rtl/ntt_core.v:69$235_Y
  found ctrl output: \s_axis_tready
  found ctrl output: $flatten\u_core.$eq$rtl/ntt_core.v:81$239_Y
  ctrl inputs: { \u_core.s_valid \u_core.mode_r \u_core.adv \u_core.pipe_empty \u_core.run_finished $flatten\u_core.$eq$rtl/ntt_core.v:149$266_Y $flatten\u_core.$logic_and$rtl/ntt_core.v:160$269_Y $flatten\u_core.$lt$rtl/ntt_core.v:172$271_Y $flatten\u_core.$eq$rtl/ntt_core.v:187$279_Y \r_start }
  ctrl outputs: { $flatten\u_core.$eq$rtl/ntt_core.v:69$235_Y $flatten\u_core.$0\r_scale[0:0] $flatten\u_core.$eq$rtl/ntt_core.v:81$239_Y $flatten\u_core.$0\state[2:0] $flatten\u_core.$procmux$497_CMP $flatten\u_core.$procmux$518_CMP \s_axis_tready }
  transition:      3'000 10'---------0 ->      3'000 9'000000010
  transition:      3'000 10'---------1 ->      3'001 9'000001010
  transition:      3'100 10'--0------- ->      3'100 9'100100000
  transition:      3'100 10'--1-----0- ->      3'100 9'100100000
  transition:      3'100 10'--1-----1- ->      3'101 9'100101000
  transition:      3'010 10'------0--- ->      3'010 9'001010000
  transition:      3'010 10'----0-1--- ->      3'010 9'001010000
  transition:      3'010 10'-0--1-1--- ->      3'100 9'001100000
  transition:      3'010 10'-1--1-1--- ->      3'011 9'001011000
  transition:      3'001 10'0--------- ->      3'001 9'000001001
  transition:      3'001 10'1----0---- ->      3'001 9'000001001
  transition:      3'001 10'1----1---- ->      3'010 9'000010001
  transition:      3'101 10'---------- ->      3'000 9'000000100
  transition:      3'011 10'---0---0-- ->      3'011 9'010011000
  transition:      3'011 10'---1---0-- ->      3'100 9'010100000
  transition:      3'011 10'-------1-- ->      3'011 9'010011000

11.9.3. Executing FSM_OPT pass (simple optimizations of FSMs).
Optimizing FSM `$fsm$\u_core.state$1147' from module `\ntt_top'.

11.9.4. Executing OPT_CLEAN pass (remove unused cells and wires).
Finding unused cells or wires in module \ntt_top..
Removed 18 unused cells and 18 unused wires.
<suppressed ~19 debug messages>

11.9.5. Executing FSM_OPT pass (simple optimizations of FSMs).
Optimizing FSM `$fsm$\u_core.state$1147' from module `\ntt_top'.
  Removing unused output signal $flatten\u_core.$0\state[2:0] [0].
  Removing unused output signal $flatten\u_core.$0\state[2:0] [1].
  Removing unused output signal $flatten\u_core.$0\state[2:0] [2].

11.9.6. Executing FSM_RECODE pass (re-assigning FSM state encoding).
Recoding FSM `$fsm$\u_core.state$1147' from module `\ntt_top' using `auto' encoding:
  mapping auto encoding to `one-hot` for this FSM.
  000 -> -----1
  100 -> ----1-
  010 -> ---1--
  001 -> --1---
  101 -> -1----
  011 -> 1-----

11.9.7. Executing FSM_INFO pass (dumping all available information on FSM cells).

FSM `$fsm$\u_core.state$1147' from module `ntt_top':
-------------------------------------

  Information on FSM $fsm$\u_core.state$1147 (\u_core.state):

  Number of input signals:   10
  Number of output signals:   6
  Number of state bits:       6

  Input signals:
    0: \r_start
    1: $flatten\u_core.$eq$rtl/ntt_core.v:187$279_Y
    2: $flatten\u_core.$lt$rtl/ntt_core.v:172$271_Y
    3: $flatten\u_core.$logic_and$rtl/ntt_core.v:160$269_Y
    4: $flatten\u_core.$eq$rtl/ntt_core.v:149$266_Y
    5: \u_core.run_finished
    6: \u_core.pipe_empty
    7: \u_core.adv
    8: \u_core.mode_r
    9: \u_core.s_valid

  Output signals:
    0: \s_axis_tready
    1: $flatten\u_core.$procmux$518_CMP
    2: $flatten\u_core.$procmux$497_CMP
    3: $flatten\u_core.$eq$rtl/ntt_core.v:81$239_Y
    4: $flatten\u_core.$0\r_scale[0:0]
    5: $flatten\u_core.$eq$rtl/ntt_core.v:69$235_Y

  State encoding:
    0:   6'-----1  <RESET STATE>
    1:   6'----1-
    2:   6'---1--
    3:   6'--1---
    4:   6'-1----
    5:   6'1-----

  Transition Table (state_in, ctrl_in, state_out, ctrl_out):
      0:     0 10'---------0   ->     0 6'000010
      1:     0 10'---------1   ->     3 6'000010
      2:     1 10'--1-----0-   ->     1 6'100000
      3:     1 10'--0-------   ->     1 6'100000
      4:     1 10'--1-----1-   ->     4 6'100000
      5:     2 10'-0--1-1---   ->     1 6'001000
      6:     2 10'------0---   ->     2 6'001000
      7:     2 10'----0-1---   ->     2 6'001000
      8:     2 10'-1--1-1---   ->     5 6'001000
      9:     3 10'1----1----   ->     2 6'000001
     10:     3 10'1----0----   ->     3 6'000001
     11:     3 10'0---------   ->     3 6'000001
     12:     4 10'----------   ->     0 6'000100
     13:     5 10'---1---0--   ->     1 6'010000
     14:     5 10'---0---0--   ->     5 6'010000
     15:     5 10'-------1--   ->     5 6'010000

-------------------------------------

11.9.8. Executing FSM_MAP pass (mapping FSMs to basic logic).
Mapping FSM `$fsm$\u_core.state$1147' from module `\ntt_top'.

11.10. Executing OPT pass (performing simple optimizations).

11.10.1. Executing OPT_EXPR pass (perform const folding).
Optimizing module ntt_top.
<suppressed ~7 debug messages>

11.10.2. Executing OPT_MERGE pass (detect identical cells).
Finding identical cells in module `\ntt_top'.
Computing hashes of 369 cells of `\ntt_top'.
Finding duplicate cells in `\ntt_top'.
Removed a total of 0 cells.

11.10.3. Executing OPT_MUXTREE pass (detect dead branches in mux trees).
Running muxtree optimizer on module \ntt_top..
  Creating internal representation of mux trees.
  Evaluating internal representation of mux trees.
  Analyzing evaluation results.
Removed 0 multiplexer ports.
<suppressed ~261 debug messages>

11.10.4. Executing OPT_REDUCE pass (consolidate $*mux and $reduce_* inputs).
  Optimizing cells in module \ntt_top.
Performed a total of 0 changes.

11.10.5. Executing OPT_MERGE pass (detect identical cells).
Finding identical cells in module `\ntt_top'.
Computing hashes of 369 cells of `\ntt_top'.
Finding duplicate cells in `\ntt_top'.
Removed a total of 0 cells.

11.10.6. Executing OPT_DFF pass (perform DFF optimizations).
Adding EN signal on $procdff$774 ($adff) from module ntt_top (D = $0\aw_seen[0:0], Q = \aw_seen).
Adding EN signal on $procdff$724 ($adff) from module ntt_top (D = $procmux$293_Y, Q = \s_axil_rdata).
Adding EN signal on $procdff$729 ($adff) from module ntt_top (D = 2'00, Q = \s_axil_rresp).
Adding EN signal on $procdff$799 ($adff) from module ntt_top (D = \cyc_cnt, Q = \cyc_last).
Adding EN signal on $procdff$734 ($adff) from module ntt_top (D = $0\s_axil_rvalid[0:0], Q = \s_axil_rvalid).
Adding EN signal on $procdff$779 ($adff) from module ntt_top (D = $0\w_seen[0:0], Q = \w_seen).
Adding EN signal on $procdff$794 ($adff) from module ntt_top (D = $0\cyc_cnt[31:0], Q = \cyc_cnt).
Adding EN signal on $procdff$749 ($adff) from module ntt_top (D = 2'00, Q = \s_axil_bresp).
Adding EN signal on $procdff$784 ($adff) from module ntt_top (D = \s_axil_awaddr, Q = \aw_addr).
Adding EN signal on $procdff$754 ($adff) from module ntt_top (D = $0\s_axil_bvalid[0:0], Q = \s_axil_bvalid).
Adding EN signal on $procdff$764 ($adff) from module ntt_top (D = \w_data [0], Q = \r_mode).
Adding EN signal on $procdff$789 ($adff) from module ntt_top (D = \s_axil_wdata, Q = \w_data).
Adding EN signal on $flatten\u_core.$procdff$947 ($adff) from module ntt_top (D = $flatten\u_core.$0\cnt[8:0], Q = \u_core.cnt).
Adding EN signal on $flatten\u_core.$procdff$927 ($adff) from module ntt_top (D = $flatten\u_core.$logic_and$rtl/ntt_core.v:184$277_Y, Q = \u_core.m_valid).
Adding EN signal on $flatten\u_core.$procdff$932 ($adff) from module ntt_top (D = \u_core.mem_qa, Q = \u_core.m_data).
Adding EN signal on $flatten\u_core.$procdff$922 ($adff) from module ntt_top (D = \r_mode, Q = \u_core.mode_r).
Adding EN signal on $flatten\u_core.\u_mem.$procdff$904 ($dff) from module ntt_top (D = $flatten\u_core.\u_mem.$memrd$\bank0$rtl/coeff_mem.v:41$78_DATA, Q = \u_core.u_mem.q0).
Adding EN signal on $flatten\u_core.\u_mem.$procdff$894 ($adff) from module ntt_top (D = \u_core.u_mem.rbank_a, Q = \u_core.u_mem.rbank_a_d).
Adding EN signal on $flatten\u_core.\u_mem.$procdff$899 ($adff) from module ntt_top (D = \u_core.u_mem.rbank_b, Q = \u_core.u_mem.rbank_b_d).
Adding EN signal on $flatten\u_core.\u_mem.$procdff$900 ($dff) from module ntt_top (D = $flatten\u_core.\u_mem.$memrd$\bank1$rtl/coeff_mem.v:45$86_DATA, Q = \u_core.u_mem.q1).
Adding EN signal on $flatten\u_core.$procdff$912 ($adff) from module ntt_top (D = $flatten\u_core.$0\busy[0:0], Q = \u_core.busy).
Adding EN signal on $flatten\u_core.\u_ag.$procdff$1117 ($adff) from module ntt_top (D = $flatten\u_core.\u_ag.$0\layer_cnt[2:0], Q = \u_core.u_ag.layer_cnt).
Adding EN signal on $flatten\u_core.\u_ag.$procdff$1072 ($adff) from module ntt_top (D = \u_core.u_ag.j_next, Q = \u_core.u_ag.addr_a).
Adding EN signal on $flatten\u_core.\u_ag.$procdff$1107 ($adff) from module ntt_top (D = $flatten\u_core.\u_ag.$0\bf[6:0], Q = \u_core.u_ag.bf).
Adding EN signal on $flatten\u_core.\u_ag.$procdff$1077 ($adff) from module ntt_top (D = \u_core.u_ag.jl_next, Q = \u_core.u_ag.addr_b).
Adding EN signal on $flatten\u_core.\u_ag.$procdff$1082 ($adff) from module ntt_top (D = \u_core.u_ag.k_cnt, Q = \u_core.u_ag.k).
Adding EN signal on $flatten\u_core.\u_ag.$procdff$1112 ($adff) from module ntt_top (D = $flatten\u_core.\u_ag.$0\k_cnt[6:0], Q = \u_core.u_ag.k_cnt).
Adding EN signal on $flatten\u_core.\u_ag.$procdff$1092 ($adff) from module ntt_top (D = \u_core.u_ag.lay_end, Q = \u_core.u_ag.last_in_layer).
Adding EN signal on $flatten\u_core.\u_ag.$procdff$1097 ($adff) from module ntt_top (D = $flatten\u_core.\u_ag.$0\busy[0:0], Q = \u_core.u_ag.busy).
Adding EN signal on $flatten\u_core.\u_ag.$procdff$1122 ($adff) from module ntt_top (D = \u_core.mode_r, Q = \u_core.u_ag.mode_r).
Adding EN signal on $flatten\u_core.$procdff$937 ($adff) from module ntt_top (D = $flatten\u_core.$eq$rtl/ntt_core.v:186$278_Y, Q = \u_core.m_last).
Adding EN signal on $flatten\u_core.$procdff$967 ($adff) from module ntt_top (D = $flatten\u_core.$0\run_finished[0:0], Q = \u_core.run_finished).
Adding EN signal on $flatten\u_core.$procdff$962 ($adff) from module ntt_top (D = $flatten\u_core.$0\draining[0:0], Q = \u_core.draining).
Adding EN signal on $flatten\u_core.$procdff$957 ($adff) from module ntt_top (D = $flatten\u_core.$0\ag_en[0:0], Q = \u_core.ag_en).
Setting constant 0-bit at position 0 on $auto$ff.cc:337:slice$1239 ($adffe) from module ntt_top.
Setting constant 0-bit at position 1 on $auto$ff.cc:337:slice$1239 ($adffe) from module ntt_top.
Setting constant 0-bit at position 0 on $auto$ff.cc:337:slice$1228 ($adffe) from module ntt_top.
Setting constant 0-bit at position 1 on $auto$ff.cc:337:slice$1228 ($adffe) from module ntt_top.

11.10.7. Executing OPT_CLEAN pass (remove unused cells and wires).
Finding unused cells or wires in module \ntt_top..
Removed 29 unused cells and 39 unused wires.
<suppressed ~30 debug messages>

11.10.8. Executing OPT_EXPR pass (perform const folding).
Optimizing module ntt_top.
<suppressed ~18 debug messages>

11.10.9. Rerunning OPT passes. (Maybe there is more to do..)

11.10.10. Executing OPT_MUXTREE pass (detect dead branches in mux trees).
Running muxtree optimizer on module \ntt_top..
  Creating internal representation of mux trees.
  Evaluating internal representation of mux trees.
  Analyzing evaluation results.
Removed 0 multiplexer ports.
<suppressed ~210 debug messages>

11.10.11. Executing OPT_REDUCE pass (consolidate $*mux and $reduce_* inputs).
  Optimizing cells in module \ntt_top.
Performed a total of 0 changes.

11.10.12. Executing OPT_MERGE pass (detect identical cells).
Finding identical cells in module `\ntt_top'.
Computing hashes of 392 cells of `\ntt_top'.
Finding duplicate cells in `\ntt_top'.
Computing hashes of 377 cells of `\ntt_top'.
Finding duplicate cells in `\ntt_top'.
Computing hashes of 374 cells of `\ntt_top'.
Finding duplicate cells in `\ntt_top'.
<suppressed ~54 debug messages>
Removed a total of 18 cells.

11.10.13. Executing OPT_DFF pass (perform DFF optimizations).

11.10.14. Executing OPT_CLEAN pass (remove unused cells and wires).
Finding unused cells or wires in module \ntt_top..
Removed 0 unused cells and 18 unused wires.
<suppressed ~1 debug messages>

11.10.15. Executing OPT_EXPR pass (perform const folding).
Optimizing module ntt_top.

11.10.16. Rerunning OPT passes. (Maybe there is more to do..)

11.10.17. Executing OPT_MUXTREE pass (detect dead branches in mux trees).
Running muxtree optimizer on module \ntt_top..
  Creating internal representation of mux trees.
  Evaluating internal representation of mux trees.
  Analyzing evaluation results.
Removed 0 multiplexer ports.
<suppressed ~212 debug messages>

11.10.18. Executing OPT_REDUCE pass (consolidate $*mux and $reduce_* inputs).
  Optimizing cells in module \ntt_top.
Performed a total of 0 changes.

11.10.19. Executing OPT_MERGE pass (detect identical cells).
Finding identical cells in module `\ntt_top'.
Computing hashes of 374 cells of `\ntt_top'.
Finding duplicate cells in `\ntt_top'.
Removed a total of 0 cells.

11.10.20. Executing OPT_DFF pass (perform DFF optimizations).

11.10.21. Executing OPT_CLEAN pass (remove unused cells and wires).
Finding unused cells or wires in module \ntt_top..

11.10.22. Executing OPT_EXPR pass (perform const folding).
Optimizing module ntt_top.

11.10.23. Finished fast OPT passes. (There is nothing left to do.)

11.11. Executing WREDUCE pass (reducing word size of cells).
Removed top 25 address bits (of 32) from memory init port ntt_top.$flatten\u_core.\u_rom.$meminit$\mem$rtl/twiddle_rom.v:36$230 (u_core.u_rom.mem).
Removed top 1 bits (of 2) from port B of cell ntt_top.$auto$opt_dff.cc:351:make_patterns_logic$1291 ($ne).
Removed top 1 bits (of 2) from port B of cell ntt_top.$auto$opt_dff.cc:351:make_patterns_logic$1264 ($ne).
Removed top 30 bits (of 32) from FF cell ntt_top.$auto$ff.cc:337:slice$1247 ($adffe).
Removed top 1 bits (of 2) from port B of cell ntt_top.$auto$fsm_map.cc:77:implement_pattern_cache$1186 ($eq).
Removed top 1 bits (of 3) from port B of cell ntt_top.$auto$fsm_map.cc:77:implement_pattern_cache$1173 ($eq).
Removed top 31 bits (of 32) from port B of cell ntt_top.$add$rtl/ntt_top.v:73$172 ($add).
Removed top 1 bits (of 2) from port B of cell ntt_top.$procmux$296_CMP0 ($eq).
Removed top 1 bits (of 2) from port B of cell ntt_top.$procmux$330_CMP0 ($eq).
Removed top 20 bits (of 32) from port B of cell ntt_top.$flatten\u_core.\u_bf.\u_mul.$mul$rtl/mont_mul.v:31$210 ($mul).
Removed top 4 bits (of 32) from port Y of cell ntt_top.$flatten\u_core.\u_bf.\u_mul.$mul$rtl/mont_mul.v:31$210 ($mul).
Removed top 20 bits (of 32) from mux cell ntt_top.$flatten\u_core.\u_bf.\u_addsub_in.$ternary$rtl/mod_addsub.v:79$209 ($mux).
Removed top 20 bits (of 32) from port B of cell ntt_top.$flatten\u_core.\u_bf.\u_addsub_in.$sub$rtl/mod_addsub.v:79$207 ($sub).
Removed top 20 bits (of 32) from port Y of cell ntt_top.$flatten\u_core.\u_bf.\u_addsub_in.$sub$rtl/mod_addsub.v:79$207 ($sub).
Removed top 1 bits (of 13) from port A of cell ntt_top.$flatten\u_core.\u_bf.\u_addsub_in.$sub$rtl/mod_addsub.v:79$207 ($sub).
Removed top 20 bits (of 32) from port B of cell ntt_top.$flatten\u_core.\u_bf.\u_addsub_in.$ge$rtl/mod_addsub.v:79$206 ($ge).
Removed top 20 bits (of 32) from mux cell ntt_top.$flatten\u_core.\u_bf.\u_addsub_in.$ternary$rtl/mod_addsub.v:78$205 ($mux).
Removed top 20 bits (of 32) from port B of cell ntt_top.$flatten\u_core.\u_bf.\u_addsub_in.$sub$rtl/mod_addsub.v:78$203 ($sub).
Removed top 20 bits (of 32) from port Y of cell ntt_top.$flatten\u_core.\u_bf.\u_addsub_in.$sub$rtl/mod_addsub.v:78$203 ($sub).
Removed top 1 bits (of 13) from port A of cell ntt_top.$flatten\u_core.\u_bf.\u_addsub_in.$sub$rtl/mod_addsub.v:78$203 ($sub).
Removed top 20 bits (of 32) from port B of cell ntt_top.$flatten\u_core.\u_bf.\u_addsub_in.$ge$rtl/mod_addsub.v:78$202 ($ge).
Removed top 19 bits (of 32) from port Y of cell ntt_top.$flatten\u_core.\u_bf.\u_addsub_in.$sub$rtl/mod_addsub.v:75$201 ($sub).
Removed top 19 bits (of 32) from port A of cell ntt_top.$flatten\u_core.\u_bf.\u_addsub_in.$sub$rtl/mod_addsub.v:75$201 ($sub).
Removed top 20 bits (of 32) from port B of cell ntt_top.$flatten\u_core.\u_bf.\u_addsub_in.$add$rtl/mod_addsub.v:75$200 ($add).
Removed top 19 bits (of 32) from port Y of cell ntt_top.$flatten\u_core.\u_bf.\u_addsub_in.$add$rtl/mod_addsub.v:75$200 ($add).
Removed top 20 bits (of 32) from mux cell ntt_top.$flatten\u_core.\u_bf.\u_mul.$ternary$rtl/mont_mul.v:50$219 ($mux).
Removed top 20 bits (of 32) from port B of cell ntt_top.$flatten\u_core.\u_bf.\u_mul.$sub$rtl/mont_mul.v:50$217 ($sub).
Removed top 20 bits (of 32) from port Y of cell ntt_top.$flatten\u_core.\u_bf.\u_mul.$sub$rtl/mont_mul.v:50$217 ($sub).
Removed top 20 bits (of 32) from port B of cell ntt_top.$flatten\u_core.\u_bf.\u_mul.$ge$rtl/mont_mul.v:50$216 ($ge).
Removed top 20 bits (of 32) from port B of cell ntt_top.$flatten\u_core.\u_bf.\u_mul.$mul$rtl/mont_mul.v:45$215 ($mul).
Removed top 16 bits (of 32) from port Y of cell ntt_top.$flatten\u_core.\u_bf.\u_mul.$mul$rtl/mont_mul.v:45$215 ($mul).
Removed top 4 bits (of 32) from port B of cell ntt_top.$flatten\u_core.\u_bf.\u_mul.$add$rtl/mont_mul.v:31$211 ($add).
Removed top 4 bits (of 32) from port Y of cell ntt_top.$flatten\u_core.\u_bf.\u_mul.$add$rtl/mont_mul.v:31$211 ($add).
Removed top 20 bits (of 32) from mux cell ntt_top.$flatten\u_core.\u_bf.\u_addsub_out.$ternary$rtl/mod_addsub.v:79$209 ($mux).
Removed top 20 bits (of 32) from port B of cell ntt_top.$flatten\u_core.\u_bf.\u_addsub_out.$sub$rtl/mod_addsub.v:79$207 ($sub).
Removed top 20 bits (of 32) from port Y of cell ntt_top.$flatten\u_core.\u_bf.\u_addsub_out.$sub$rtl/mod_addsub.v:79$207 ($sub).
Removed top 1 bits (of 13) from port A of cell ntt_top.$flatten\u_core.\u_bf.\u_addsub_out.$sub$rtl/mod_addsub.v:79$207 ($sub).
Removed top 20 bits (of 32) from port B of cell ntt_top.$flatten\u_core.\u_bf.\u_addsub_out.$ge$rtl/mod_addsub.v:79$206 ($ge).
Removed top 20 bits (of 32) from mux cell ntt_top.$flatten\u_core.\u_bf.\u_addsub_out.$ternary$rtl/mod_addsub.v:78$205 ($mux).
Removed top 20 bits (of 32) from port B of cell ntt_top.$flatten\u_core.\u_bf.\u_addsub_out.$sub$rtl/mod_addsub.v:78$203 ($sub).
Removed top 20 bits (of 32) from port Y of cell ntt_top.$flatten\u_core.\u_bf.\u_addsub_out.$sub$rtl/mod_addsub.v:78$203 ($sub).
Removed top 1 bits (of 13) from port A of cell ntt_top.$flatten\u_core.\u_bf.\u_addsub_out.$sub$rtl/mod_addsub.v:78$203 ($sub).
Removed top 20 bits (of 32) from port B of cell ntt_top.$flatten\u_core.\u_bf.\u_addsub_out.$ge$rtl/mod_addsub.v:78$202 ($ge).
Removed top 19 bits (of 32) from port Y of cell ntt_top.$flatten\u_core.\u_bf.\u_addsub_out.$sub$rtl/mod_addsub.v:75$201 ($sub).
Removed top 19 bits (of 32) from port A of cell ntt_top.$flatten\u_core.\u_bf.\u_addsub_out.$sub$rtl/mod_addsub.v:75$201 ($sub).
Removed top 20 bits (of 32) from port B of cell ntt_top.$flatten\u_core.\u_bf.\u_addsub_out.$add$rtl/mod_addsub.v:75$200 ($add).
Removed top 19 bits (of 32) from port Y of cell ntt_top.$flatten\u_core.\u_bf.\u_addsub_out.$add$rtl/mod_addsub.v:75$200 ($add).
Removed top 1 bits (of 4) from port A of cell ntt_top.$flatten\u_core.\u_ag.$sub$rtl/addr_gen.v:78$2 ($sub).
Removed top 7 bits (of 8) from port A of cell ntt_top.$flatten\u_core.\u_ag.$shl$rtl/addr_gen.v:82$4 ($shl).
Removed top 7 bits (of 8) from port B of cell ntt_top.$flatten\u_core.\u_ag.$sub$rtl/addr_gen.v:83$5 ($sub).
Removed top 1 bits (of 8) from port A of cell ntt_top.$flatten\u_core.\u_ag.$shr$rtl/addr_gen.v:86$6 ($shr).
Removed top 31 bits (of 32) from port B of cell ntt_top.$flatten\u_core.\u_ag.$add$rtl/addr_gen.v:86$7 ($add).
Removed top 27 bits (of 32) from port Y of cell ntt_top.$flatten\u_core.\u_ag.$add$rtl/addr_gen.v:86$7 ($add).
Removed top 27 bits (of 32) from port B of cell ntt_top.$flatten\u_core.\u_ag.$shl$rtl/addr_gen.v:86$8 ($shl).
Removed top 1 bits (of 8) from port A of cell ntt_top.$flatten\u_core.\u_ag.$and$rtl/addr_gen.v:89$12 ($and).
Removed top 23 bits (of 32) from port B of cell ntt_top.$flatten\u_core.$le$rtl/ntt_core.v:184$276 ($le).
Removed top 31 bits (of 32) from port B of cell ntt_top.$flatten\u_core.$ge$rtl/ntt_core.v:184$275 ($ge).
Removed top 23 bits (of 32) from port B of cell ntt_top.$flatten\u_core.$lt$rtl/ntt_core.v:183$273 ($lt).
Removed top 23 bits (of 32) from port B of cell ntt_top.$flatten\u_core.$lt$rtl/ntt_core.v:172$271 ($lt).
Removed top 1 bits (of 9) from port B of cell ntt_top.$flatten\u_core.$eq$rtl/ntt_core.v:149$266 ($eq).
Removed top 3 bits (of 4) from mux cell ntt_top.$flatten\u_core.$ternary$rtl/ntt_core.v:126$259 ($mux).
Removed top 3 bits (of 4) from mux cell ntt_top.$flatten\u_core.$ternary$rtl/ntt_core.v:126$257 ($mux).
Removed top 3 bits (of 4) from port B of cell ntt_top.$flatten\u_core.\u_ag.$add$rtl/addr_gen.v:78$1 ($add).
Removed top 27 bits (of 32) from wire ntt_top.$flatten\u_core.\u_ag.$add$rtl/addr_gen.v:86$7_Y.
Removed top 19 bits (of 32) from wire ntt_top.$flatten\u_core.\u_bf.\u_addsub_out.$add$rtl/mod_addsub.v:75$200_Y.
Removed top 20 bits (of 32) from wire ntt_top.$flatten\u_core.\u_bf.\u_addsub_out.$sub$rtl/mod_addsub.v:78$203_Y.
Removed top 20 bits (of 32) from wire ntt_top.$flatten\u_core.\u_bf.\u_addsub_out.$sub$rtl/mod_addsub.v:79$207_Y.
Removed top 4 bits (of 32) from wire ntt_top.$flatten\u_core.\u_bf.\u_mul.$mul$rtl/mont_mul.v:31$210_Y.
Removed top 20 bits (of 32) from wire ntt_top.$flatten\u_core.\u_bf.\u_mul.$sub$rtl/mont_mul.v:50$217_Y.
Removed top 19 bits (of 32) from wire ntt_top.$flatten\u_core.\u_bf.\u_addsub_in.$add$rtl/mod_addsub.v:75$200_Y.
Removed top 20 bits (of 32) from wire ntt_top.$flatten\u_core.\u_bf.\u_addsub_in.$sub$rtl/mod_addsub.v:78$203_Y.
Removed top 20 bits (of 32) from wire ntt_top.$flatten\u_core.\u_bf.\u_addsub_in.$sub$rtl/mod_addsub.v:79$207_Y.
Removed top 3 bits (of 4) from wire ntt_top.$flatten\u_core.$ternary$rtl/ntt_core.v:126$259_Y.
Removed top 3 bits (of 4) from wire ntt_top.$flatten\u_core.$ternary$rtl/ntt_core.v:126$257_Y.
Removed top 30 bits (of 32) from wire ntt_top.w_data.

11.12. Executing PEEPOPT pass (run peephole optimizers).

11.13. Executing OPT_CLEAN pass (remove unused cells and wires).
Finding unused cells or wires in module \ntt_top..
Removed 0 unused cells and 21 unused wires.
<suppressed ~1 debug messages>

11.14. Executing ALUMACC pass (create $alu and $macc cells).
Extracting $alu and $macc cells in module ntt_top:
  creating $macc model for $flatten\u_core.\u_ag.$add$rtl/addr_gen.v:144$28 ($add).
  creating $macc model for $flatten\u_core.\u_ag.$sub$rtl/addr_gen.v:144$27 ($sub).
  creating $macc model for $flatten\u_core.\u_ag.$add$rtl/addr_gen.v:138$24 ($add).
  creating $macc model for $flatten\u_core.\u_ag.$add$rtl/addr_gen.v:135$23 ($add).
  creating $macc model for $flatten\u_core.\u_ag.$add$rtl/addr_gen.v:86$7 ($add).
  creating $macc model for $flatten\u_core.\u_ag.$sub$rtl/addr_gen.v:83$5 ($sub).
  creating $macc model for $flatten\u_core.\u_ag.$sub$rtl/addr_gen.v:78$2 ($sub).
  creating $macc model for $flatten\u_core.\u_bf.\u_addsub_out.$add$rtl/mod_addsub.v:75$200 ($add).
  creating $macc model for $flatten\u_core.\u_bf.\u_addsub_out.$sub$rtl/mod_addsub.v:75$201 ($sub).
  creating $macc model for $flatten\u_core.\u_bf.\u_addsub_out.$sub$rtl/mod_addsub.v:78$203 ($sub).
  creating $macc model for $flatten\u_core.\u_bf.\u_addsub_out.$sub$rtl/mod_addsub.v:79$207 ($sub).
  creating $macc model for $flatten\u_core.\u_bf.\u_mul.$add$rtl/mont_mul.v:31$211 ($add).
  creating $macc model for $flatten\u_core.\u_bf.\u_mul.$mul$rtl/mont_mul.v:41$214 ($mul).
  creating $macc model for $flatten\u_core.\u_bf.\u_mul.$mul$rtl/mont_mul.v:45$215 ($mul).
  creating $macc model for $flatten\u_core.\u_bf.\u_mul.$sub$rtl/mont_mul.v:50$217 ($sub).
  creating $macc model for $flatten\u_core.\u_ag.$add$rtl/addr_gen.v:78$1 ($add).
  creating $macc model for $flatten\u_core.$add$rtl/ntt_core.v:183$274 ($add).
  creating $macc model for $flatten\u_core.\u_bf.\u_addsub_in.$add$rtl/mod_addsub.v:75$200 ($add).
  creating $macc model for $flatten\u_core.\u_bf.\u_addsub_in.$sub$rtl/mod_addsub.v:75$201 ($sub).
  creating $macc model for $flatten\u_core.\u_bf.\u_addsub_in.$sub$rtl/mod_addsub.v:78$203 ($sub).
  creating $macc model for $flatten\u_core.\u_bf.\u_addsub_in.$sub$rtl/mod_addsub.v:79$207 ($sub).
  creating $macc model for $flatten\u_core.$sub$rtl/ntt_core.v:126$260 ($sub).
  creating $macc model for $flatten\u_core.$add$rtl/ntt_core.v:126$258 ($add).
  creating $macc model for $flatten\u_core.\u_bf.\u_addsub_out.$add$rtl/mod_addsub.v:70$199 ($add).
  creating $macc model for $flatten\u_core.\u_bf.\u_mul.$mul$rtl/mont_mul.v:31$210 ($mul).
  creating $macc model for $flatten\u_core.\u_bf.\u_addsub_in.$add$rtl/mod_addsub.v:70$199 ($add).
  creating $macc model for $add$rtl/ntt_top.v:73$172 ($add).
  merging $macc model for $flatten\u_core.$add$rtl/ntt_core.v:126$258 into $flatten\u_core.$sub$rtl/ntt_core.v:126$260.
  merging $macc model for $flatten\u_core.\u_bf.\u_addsub_in.$add$rtl/mod_addsub.v:75$200 into $flatten\u_core.\u_bf.\u_addsub_in.$sub$rtl/mod_addsub.v:75$201.
  merging $macc model for $flatten\u_core.\u_bf.\u_mul.$mul$rtl/mont_mul.v:31$210 into $flatten\u_core.\u_bf.\u_mul.$add$rtl/mont_mul.v:31$211.
  merging $macc model for $flatten\u_core.\u_bf.\u_addsub_out.$add$rtl/mod_addsub.v:75$200 into $flatten\u_core.\u_bf.\u_addsub_out.$sub$rtl/mod_addsub.v:75$201.
  creating $alu model for $macc $flatten\u_core.\u_bf.\u_addsub_out.$add$rtl/mod_addsub.v:70$199.
  creating $alu model for $macc $flatten\u_core.\u_bf.\u_addsub_in.$sub$rtl/mod_addsub.v:79$207.
  creating $alu model for $macc $flatten\u_core.\u_bf.\u_addsub_in.$sub$rtl/mod_addsub.v:78$203.
  creating $alu model for $macc $flatten\u_core.\u_bf.\u_addsub_in.$add$rtl/mod_addsub.v:70$199.
  creating $alu model for $macc $flatten\u_core.$add$rtl/ntt_core.v:183$274.
  creating $alu model for $macc $flatten\u_core.\u_ag.$add$rtl/addr_gen.v:78$1.
  creating $alu model for $macc $flatten\u_core.\u_bf.\u_mul.$sub$rtl/mont_mul.v:50$217.
  creating $alu model for $macc $flatten\u_core.\u_bf.\u_addsub_out.$sub$rtl/mod_addsub.v:79$207.
  creating $alu model for $macc $flatten\u_core.\u_bf.\u_addsub_out.$sub$rtl/mod_addsub.v:78$203.
  creating $alu model for $macc $add$rtl/ntt_top.v:73$172.
  creating $alu model for $macc $flatten\u_core.\u_ag.$sub$rtl/addr_gen.v:78$2.
  creating $alu model for $macc $flatten\u_core.\u_ag.$sub$rtl/addr_gen.v:83$5.
  creating $alu model for $macc $flatten\u_core.\u_ag.$add$rtl/addr_gen.v:86$7.
  creating $alu model for $macc $flatten\u_core.\u_ag.$add$rtl/addr_gen.v:135$23.
  creating $alu model for $macc $flatten\u_core.\u_ag.$add$rtl/addr_gen.v:138$24.
  creating $alu model for $macc $flatten\u_core.\u_ag.$sub$rtl/addr_gen.v:144$27.
  creating $alu model for $macc $flatten\u_core.\u_ag.$add$rtl/addr_gen.v:144$28.
  creating $macc cell for $flatten\u_core.\u_bf.\u_mul.$mul$rtl/mont_mul.v:41$214: $auto$alumacc.cc:399:replace_macc$1378
  creating $macc cell for $flatten\u_core.\u_bf.\u_addsub_in.$sub$rtl/mod_addsub.v:75$201: $auto$alumacc.cc:399:replace_macc$1379
  creating $macc cell for $flatten\u_core.\u_bf.\u_addsub_out.$sub$rtl/mod_addsub.v:75$201: $auto$alumacc.cc:399:replace_macc$1380
  creating $macc cell for $flatten\u_core.\u_bf.\u_mul.$add$rtl/mont_mul.v:31$211: $auto$alumacc.cc:399:replace_macc$1381
  creating $macc cell for $flatten\u_core.$sub$rtl/ntt_core.v:126$260: $auto$alumacc.cc:399:replace_macc$1382
  creating $macc cell for $flatten\u_core.\u_bf.\u_mul.$mul$rtl/mont_mul.v:45$215: $auto$alumacc.cc:399:replace_macc$1383
  creating $alu model for $flatten\u_core.\u_bf.\u_addsub_out.$ge$rtl/mod_addsub.v:78$202 ($ge): new $alu
  creating $alu model for $flatten\u_core.\u_bf.\u_addsub_out.$ge$rtl/mod_addsub.v:79$206 ($ge): new $alu
  creating $alu model for $flatten\u_core.\u_bf.\u_mul.$ge$rtl/mont_mul.v:50$216 ($ge): merged with $flatten\u_core.\u_bf.\u_mul.$sub$rtl/mont_mul.v:50$217.
  creating $alu model for $flatten\u_core.$le$rtl/ntt_core.v:184$276 ($le): new $alu
  creating $alu model for $flatten\u_core.$ge$rtl/ntt_core.v:184$275 ($ge): new $alu
  creating $alu model for $flatten\u_core.$lt$rtl/ntt_core.v:183$273 ($lt): new $alu
  creating $alu model for $flatten\u_core.\u_bf.\u_addsub_in.$ge$rtl/mod_addsub.v:78$202 ($ge): new $alu
  creating $alu model for $flatten\u_core.\u_bf.\u_addsub_in.$ge$rtl/mod_addsub.v:79$206 ($ge): new $alu
  creating $alu model for $flatten\u_core.$lt$rtl/ntt_core.v:172$271 ($lt): merged with $flatten\u_core.$le$rtl/ntt_core.v:184$276.
  creating $alu model for $flatten\u_core.$eq$rtl/ntt_core.v:186$278 ($eq): merged with $flatten\u_core.$le$rtl/ntt_core.v:184$276.
  creating $alu cell for $flatten\u_core.\u_bf.\u_addsub_in.$ge$rtl/mod_addsub.v:79$206: $auto$alumacc.cc:548:replace_alu$1391
  creating $alu cell for $flatten\u_core.\u_bf.\u_addsub_in.$ge$rtl/mod_addsub.v:78$202: $auto$alumacc.cc:548:replace_alu$1404
  creating $alu cell for $flatten\u_core.$lt$rtl/ntt_core.v:183$273: $auto$alumacc.cc:548:replace_alu$1417
  creating $alu cell for $flatten\u_core.$ge$rtl/ntt_core.v:184$275: $auto$alumacc.cc:548:replace_alu$1422
  creating $alu cell for $flatten\u_core.$le$rtl/ntt_core.v:184$276, $flatten\u_core.$lt$rtl/ntt_core.v:172$271, $flatten\u_core.$eq$rtl/ntt_core.v:186$278: $auto$alumacc.cc:548:replace_alu$1435
  creating $alu cell for $flatten\u_core.\u_bf.\u_addsub_out.$ge$rtl/mod_addsub.v:79$206: $auto$alumacc.cc:548:replace_alu$1444
  creating $alu cell for $flatten\u_core.\u_bf.\u_addsub_out.$ge$rtl/mod_addsub.v:78$202: $auto$alumacc.cc:548:replace_alu$1457
  creating $alu cell for $flatten\u_core.\u_ag.$add$rtl/addr_gen.v:144$28: $auto$alumacc.cc:548:replace_alu$1470
  creating $alu cell for $flatten\u_core.\u_ag.$sub$rtl/addr_gen.v:144$27: $auto$alumacc.cc:548:replace_alu$1473
  creating $alu cell for $flatten\u_core.\u_ag.$add$rtl/addr_gen.v:138$24: $auto$alumacc.cc:548:replace_alu$1476
  creating $alu cell for $flatten\u_core.\u_ag.$add$rtl/addr_gen.v:86$7: $auto$alumacc.cc:548:replace_alu$1479
  creating $alu cell for $flatten\u_core.\u_ag.$sub$rtl/addr_gen.v:83$5: $auto$alumacc.cc:548:replace_alu$1482
  creating $alu cell for $flatten\u_core.\u_ag.$sub$rtl/addr_gen.v:78$2: $auto$alumacc.cc:548:replace_alu$1485
  creating $alu cell for $add$rtl/ntt_top.v:73$172: $auto$alumacc.cc:548:replace_alu$1488
  creating $alu cell for $flatten\u_core.\u_bf.\u_addsub_out.$sub$rtl/mod_addsub.v:78$203: $auto$alumacc.cc:548:replace_alu$1491
  creating $alu cell for $flatten\u_core.\u_bf.\u_addsub_out.$sub$rtl/mod_addsub.v:79$207: $auto$alumacc.cc:548:replace_alu$1494
  creating $alu cell for $flatten\u_core.\u_bf.\u_mul.$sub$rtl/mont_mul.v:50$217, $flatten\u_core.\u_bf.\u_mul.$ge$rtl/mont_mul.v:50$216: $auto$alumacc.cc:548:replace_alu$1497
  creating $alu cell for $flatten\u_core.\u_ag.$add$rtl/addr_gen.v:135$23: $auto$alumacc.cc:548:replace_alu$1510
  creating $alu cell for $flatten\u_core.\u_ag.$add$rtl/addr_gen.v:78$1: $auto$alumacc.cc:548:replace_alu$1513
  creating $alu cell for $flatten\u_core.$add$rtl/ntt_core.v:183$274: $auto$alumacc.cc:548:replace_alu$1516
  creating $alu cell for $flatten\u_core.\u_bf.\u_addsub_in.$add$rtl/mod_addsub.v:70$199: $auto$alumacc.cc:548:replace_alu$1519
  creating $alu cell for $flatten\u_core.\u_bf.\u_addsub_in.$sub$rtl/mod_addsub.v:78$203: $auto$alumacc.cc:548:replace_alu$1522
  creating $alu cell for $flatten\u_core.\u_bf.\u_addsub_in.$sub$rtl/mod_addsub.v:79$207: $auto$alumacc.cc:548:replace_alu$1525
  creating $alu cell for $flatten\u_core.\u_bf.\u_addsub_out.$add$rtl/mod_addsub.v:70$199: $auto$alumacc.cc:548:replace_alu$1528
  created 24 $alu and 6 $macc cells.

11.15. Executing SHARE pass (SAT-based resource sharing).

11.16. Executing OPT pass (performing simple optimizations).

11.16.1. Executing OPT_EXPR pass (perform const folding).
Optimizing module ntt_top.
<suppressed ~2 debug messages>

11.16.2. Executing OPT_MERGE pass (detect identical cells).
Finding identical cells in module `\ntt_top'.
Computing hashes of 405 cells of `\ntt_top'.
Finding duplicate cells in `\ntt_top'.
Removed a total of 0 cells.

11.16.3. Executing OPT_MUXTREE pass (detect dead branches in mux trees).
Running muxtree optimizer on module \ntt_top..
  Creating internal representation of mux trees.
  Evaluating internal representation of mux trees.
  Analyzing evaluation results.
Removed 0 multiplexer ports.
<suppressed ~212 debug messages>

11.16.4. Executing OPT_REDUCE pass (consolidate $*mux and $reduce_* inputs).
  Optimizing cells in module \ntt_top.
Performed a total of 0 changes.

11.16.5. Executing OPT_MERGE pass (detect identical cells).
Finding identical cells in module `\ntt_top'.
Computing hashes of 405 cells of `\ntt_top'.
Finding duplicate cells in `\ntt_top'.
Computing hashes of 404 cells of `\ntt_top'.
Finding duplicate cells in `\ntt_top'.
<suppressed ~3 debug messages>
Removed a total of 1 cells.

11.16.6. Executing OPT_DFF pass (perform DFF optimizations).

11.16.7. Executing OPT_CLEAN pass (remove unused cells and wires).
Finding unused cells or wires in module \ntt_top..
Removed 4 unused cells and 15 unused wires.
<suppressed ~5 debug messages>

11.16.8. Executing OPT_EXPR pass (perform const folding).
Optimizing module ntt_top.

11.16.9. Rerunning OPT passes. (Maybe there is more to do..)

11.16.10. Executing OPT_MUXTREE pass (detect dead branches in mux trees).
Running muxtree optimizer on module \ntt_top..
  Creating internal representation of mux trees.
  Evaluating internal representation of mux trees.
  Analyzing evaluation results.
Removed 0 multiplexer ports.
<suppressed ~209 debug messages>

11.16.11. Executing OPT_REDUCE pass (consolidate $*mux and $reduce_* inputs).
  Optimizing cells in module \ntt_top.
Performed a total of 0 changes.

11.16.12. Executing OPT_MERGE pass (detect identical cells).
Finding identical cells in module `\ntt_top'.
Computing hashes of 400 cells of `\ntt_top'.
Finding duplicate cells in `\ntt_top'.
Removed a total of 0 cells.

11.16.13. Executing OPT_DFF pass (perform DFF optimizations).

11.16.14. Executing OPT_CLEAN pass (remove unused cells and wires).
Finding unused cells or wires in module \ntt_top..

11.16.15. Executing OPT_EXPR pass (perform const folding).
Optimizing module ntt_top.

11.16.16. Finished fast OPT passes. (There is nothing left to do.)

11.17. Executing MEMORY pass.

11.17.1. Executing OPT_MEM pass (optimize memories).
Performed a total of 0 transformations.

11.17.2. Executing OPT_MEM_PRIORITY pass (removing unnecessary memory write priority relations).
Performed a total of 0 transformations.

11.17.3. Executing OPT_MEM_FEEDBACK pass (finding memory read-to-write feedback paths).
  Analyzing ntt_top.u_core.u_mem.bank1 write port 0.
  Analyzing ntt_top.u_core.u_mem.bank0 write port 0.

11.17.4. Executing MEMORY_BMUX2ROM pass (converting muxes to ROMs).

11.17.5. Executing MEMORY_DFF pass (merging $dff cells to $memrd).
Checking read port `\u_core.u_rom.mem'[0] in module `\ntt_top': merging output FF to cell.
Checking read port `\u_core.u_mem.bank1'[0] in module `\ntt_top': merging output FF to cell.
    Write port 0: non-transparent.
Checking read port `\u_core.u_mem.bank0'[0] in module `\ntt_top': merging output FF to cell.
    Write port 0: non-transparent.

11.17.6. Executing OPT_CLEAN pass (remove unused cells and wires).
Finding unused cells or wires in module \ntt_top..
Removed 3 unused cells and 39 unused wires.
<suppressed ~4 debug messages>

11.17.7. Executing MEMORY_SHARE pass (consolidating $memrd/$memwr cells).

11.17.8. Executing OPT_MEM_WIDEN pass (optimize memories where all ports are wide).
Performed a total of 0 transformations.

11.17.9. Executing OPT_CLEAN pass (remove unused cells and wires).
Finding unused cells or wires in module \ntt_top..

11.17.10. Executing MEMORY_COLLECT pass (generating $mem cells).

11.18. Executing OPT_CLEAN pass (remove unused cells and wires).
Finding unused cells or wires in module \ntt_top..

11.19. Executing OPT pass (performing simple optimizations).

11.19.1. Executing OPT_EXPR pass (perform const folding).
Optimizing module ntt_top.
<suppressed ~77 debug messages>

11.19.2. Executing OPT_MERGE pass (detect identical cells).
Finding identical cells in module `\ntt_top'.
Computing hashes of 365 cells of `\ntt_top'.
Finding duplicate cells in `\ntt_top'.
Computing hashes of 362 cells of `\ntt_top'.
Finding duplicate cells in `\ntt_top'.
<suppressed ~9 debug messages>
Removed a total of 3 cells.

11.19.3. Executing OPT_DFF pass (perform DFF optimizations).

11.19.4. Executing OPT_CLEAN pass (remove unused cells and wires).
Finding unused cells or wires in module \ntt_top..
Removed 1 unused cells and 61 unused wires.
<suppressed ~2 debug messages>

11.19.5. Finished fast OPT passes.

11.20. Executing MEMORY_MAP pass (converting memories to logic and flip-flops).
Mapping memory \u_core.u_rom.mem in module \ntt_top:
  created 128 $dff cells and 0 static cells of width 12.
Extracted data FF from read port 0 of ntt_top.u_core.u_rom.mem: $\u_core.u_rom.mem$rdreg[0]
  read interface: 1 $dff and 127 $mux cells.
  write interface: 0 write mux blocks.
Mapping memory \u_core.u_mem.bank1 in module \ntt_top:
  created 128 $dff cells and 0 static cells of width 12.
Extracted data FF from read port 0 of ntt_top.u_core.u_mem.bank1: $\u_core.u_mem.bank1$rdreg[0]
  read interface: 1 $dff and 127 $mux cells.
  write interface: 128 write mux blocks.
Mapping memory \u_core.u_mem.bank0 in module \ntt_top:
  created 128 $dff cells and 0 static cells of width 12.
Extracted data FF from read port 0 of ntt_top.u_core.u_mem.bank0: $\u_core.u_mem.bank0$rdreg[0]
  read interface: 1 $dff and 127 $mux cells.
  write interface: 128 write mux blocks.

11.21. Executing OPT pass (performing simple optimizations).

11.21.1. Executing OPT_EXPR pass (perform const folding).
Optimizing module ntt_top.
<suppressed ~36 debug messages>

11.21.2. Executing OPT_MERGE pass (detect identical cells).
Finding identical cells in module `\ntt_top'.
Computing hashes of 1851 cells of `\ntt_top'.
Finding duplicate cells in `\ntt_top'.
Computing hashes of 1850 cells of `\ntt_top'.
Finding duplicate cells in `\ntt_top'.
Computing hashes of 1849 cells of `\ntt_top'.
Finding duplicate cells in `\ntt_top'.
<suppressed ~6 debug messages>
Removed a total of 2 cells.

11.21.3. Executing OPT_MUXTREE pass (detect dead branches in mux trees).
Running muxtree optimizer on module \ntt_top..
  Creating internal representation of mux trees.
  Evaluating internal representation of mux trees.
  Analyzing evaluation results.
Removed 0 multiplexer ports.
<suppressed ~2811 debug messages>

11.21.4. Executing OPT_REDUCE pass (consolidate $*mux and $reduce_* inputs).
  Optimizing cells in module \ntt_top.
    Consolidated identical input bits for $mux cell $memory\u_core.u_rom.mem$rdmux[0][6][62]$1980:
      Old ports: A=12'001110111110, B=12'011101001101, Y=$memory\u_core.u_rom.mem$rdmux[0][5][31]$a$1792
      New ports: A=2'10, B=2'01, Y=$memory\u_core.u_rom.mem$rdmux[0][5][31]$a$1792 [1:0]
      New connections: $memory\u_core.u_rom.mem$rdmux[0][5][31]$a$1792 [11:2] = { 1'0 $memory\u_core.u_rom.mem$rdmux[0][5][31]$a$1792 [0] 2'11 $memory\u_core.u_rom.mem$rdmux[0][5][31]$a$1792 [1:0] $memory\u_core.u_rom.mem$rdmux[0][5][31]$a$1792 [1] $memory\u_core.u_rom.mem$rdmux[0][5][31]$a$1792 [1] 2'11 }
    Consolidated identical input bits for $mux cell $memory\u_core.u_rom.mem$rdmux[0][6][61]$1977:
      Old ports: A=12'001111100100, B=12'001111011111, Y=$memory\u_core.u_rom.mem$rdmux[0][5][30]$b$1790
      New ports: A=2'10, B=2'01, Y={ $memory\u_core.u_rom.mem$rdmux[0][5][30]$b$1790 [5] $memory\u_core.u_rom.mem$rdmux[0][5][30]$b$1790 [0] }
      New connections: { $memory\u_core.u_rom.mem$rdmux[0][5][30]$b$1790 [11:6] $memory\u_core.u_rom.mem$rdmux[0][5][30]$b$1790 [4:1] } = { 6'001111 $memory\u_core.u_rom.mem$rdmux[0][5][30]$b$1790 [0] $memory\u_core.u_rom.mem$rdmux[0][5][30]$b$1790 [0] 1'1 $memory\u_core.u_rom.mem$rdmux[0][5][30]$b$1790 [0] }
    Consolidated identical input bits for $mux cell $memory\u_core.u_rom.mem$rdmux[0][6][60]$1974:
      Old ports: A=12'110010010101, B=12'101111001101, Y=$memory\u_core.u_rom.mem$rdmux[0][5][30]$a$1789
      New ports: A=2'10, B=2'01, Y=$memory\u_core.u_rom.mem$rdmux[0][5][30]$a$1789 [4:3]
      New connections: { $memory\u_core.u_rom.mem$rdmux[0][5][30]$a$1789 [11:5] $memory\u_core.u_rom.mem$rdmux[0][5][30]$a$1789 [2:0] } = { 1'1 $memory\u_core.u_rom.mem$rdmux[0][5][30]$a$1789 [4:3] $memory\u_core.u_rom.mem$rdmux[0][5][30]$a$1789 [3] 1'1 $memory\u_core.u_rom.mem$rdmux[0][5][30]$a$1789 [3] 4'0101 }
    Consolidated identical input bits for $mux cell $memory\u_core.u_rom.mem$rdmux[0][6][59]$1971:
      Old ports: A=12'100110011011, B=12'000111011110, Y=$memory\u_core.u_rom.mem$rdmux[0][5][29]$b$1787
      New ports: A=2'01, B=2'10, Y={ $memory\u_core.u_rom.mem$rdmux[0][5][29]$b$1787 [2] $memory\u_core.u_rom.mem$rdmux[0][5][29]$b$1787 [0] }
      New connections: { $memory\u_core.u_rom.mem$rdmux[0][5][29]$b$1787 [11:3] $memory\u_core.u_rom.mem$rdmux[0][5][29]$b$1787 [1] } = { $memory\u_core.u_rom.mem$rdmux[0][5][29]$b$1787 [0] 4'0011 $memory\u_core.u_rom.mem$rdmux[0][5][29]$b$1787 [2] 4'0111 }
    Consolidated identical input bits for $mux cell $memory\u_core.u_rom.mem$rdmux[0][6][58]$1968:
      Old ports: A=12'011100011011, B=12'100110101011, Y=$memory\u_core.u_rom.mem$rdmux[0][5][29]$a$1786
      New ports: A=2'01, B=2'10, Y=$memory\u_core.u_rom.mem$rdmux[0][5][29]$a$1786 [5:4]
      New connections: { $memory\u_core.u_rom.mem$rdmux[0][5][29]$a$1786 [11:6] $memory\u_core.u_rom.mem$rdmux[0][5][29]$a$1786 [3:0] } = { $memory\u_core.u_rom.mem$rdmux[0][5][29]$a$1786 [5:4] $memory\u_core.u_rom.mem$rdmux[0][5][29]$a$1786 [4] 1'1 $memory\u_core.u_rom.mem$rdmux[0][5][29]$a$1786 [5] 5'01011 }
    Consolidated identical input bits for $mux cell $memory\u_core.u_rom.mem$rdmux[0][6][57]$1965:
      Old ports: A=12'100000000011, B=12'001100011010, Y=$memory\u_core.u_rom.mem$rdmux[0][5][28]$b$1784
      New ports: A=2'01, B=2'10, Y={ $memory\u_core.u_rom.mem$rdmux[0][5][28]$b$1784 [3] $memory\u_core.u_rom.mem$rdmux[0][5][28]$b$1784 [0] }
      New connections: { $memory\u_core.u_rom.mem$rdmux[0][5][28]$b$1784 [11:4] $memory\u_core.u_rom.mem$rdmux[0][5][28]$b$1784 [2:1] } = { $memory\u_core.u_rom.mem$rdmux[0][5][28]$b$1784 [0] 1'0 $memory\u_core.u_rom.mem$rdmux[0][5][28]$b$1784 [3] $memory\u_core.u_rom.mem$rdmux[0][5][28]$b$1784 [3] 3'000 $memory\u_core.u_rom.mem$rdmux[0][5][28]$b$1784 [3] 2'01 }
    Consolidated identical input bits for $mux cell $memory\u_core.u_rom.mem$rdmux[0][6][56]$1962:
      Old ports: A=12'100001100000, B=12'011100000111, Y=$memory\u_core.u_rom.mem$rdmux[0][5][28]$a$1783
      New ports: A=2'10, B=2'01, Y={ $memory\u_core.u_rom.mem$rdmux[0][5][28]$a$1783 [5] $memory\u_core.u_rom.mem$rdmux[0][5][28]$a$1783 [0] }
      New connections: { $memory\u_core.u_rom.mem$rdmux[0][5][28]$a$1783 [11:6] $memory\u_core.u_rom.mem$rdmux[0][5][28]$a$1783 [4:1] } = { $memory\u_core.u_rom.mem$rdmux[0][5][28]$a$1783 [5] $memory\u_core.u_rom.mem$rdmux[0][5][28]$a$1783 [0] $memory\u_core.u_rom.mem$rdmux[0][5][28]$a$1783 [0] $memory\u_core.u_rom.mem$rdmux[0][5][28]$a$1783 [0] 1'0 $memory\u_core.u_rom.mem$rdmux[0][5][28]$a$1783 [5] 2'00 $memory\u_core.u_rom.mem$rdmux[0][5][28]$a$1783 [0] $memory\u_core.u_rom.mem$rdmux[0][5][28]$a$1783 [0] }
    Consolidated identical input bits for $mux cell $memory\u_core.u_rom.mem$rdmux[0][6][55]$1959:
      Old ports: A=12'100001011110, B=12'011010000110, Y=$memory\u_core.u_rom.mem$rdmux[0][5][27]$b$1781
      New ports: A=2'01, B=2'10, Y={ $memory\u_core.u_rom.mem$rdmux[0][5][27]$b$1781 [7] $memory\u_core.u_rom.mem$rdmux[0][5][27]$b$1781 [3] }
      New connections: { $memory\u_core.u_rom.mem$rdmux[0][5][27]$b$1781 [11:8] $memory\u_core.u_rom.mem$rdmux[0][5][27]$b$1781 [6:4] $memory\u_core.u_rom.mem$rdmux[0][5][27]$b$1781 [2:0] } = { $memory\u_core.u_rom.mem$rdmux[0][5][27]$b$1781 [3] $memory\u_core.u_rom.mem$rdmux[0][5][27]$b$1781 [7] $memory\u_core.u_rom.mem$rdmux[0][5][27]$b$1781 [7] 1'0 $memory\u_core.u_rom.mem$rdmux[0][5][27]$b$1781 [3] 1'0 $memory\u_core.u_rom.mem$rdmux[0][5][27]$b$1781 [3] 3'110 }
    Consolidated identical input bits for $mux cell $memory\u_core.u_rom.mem$rdmux[0][6][54]$1956:
      Old ports: A=12'100110010111, B=12'000011011100, Y=$memory\u_core.u_rom.mem$rdmux[0][5][27]$a$1780
      New ports: A=2'01, B=2'10, Y={ $memory\u_core.u_rom.mem$rdmux[0][5][27]$a$1780 [3] $memory\u_core.u_rom.mem$rdmux[0][5][27]$a$1780 [0] }
      New connections: { $memory\u_core.u_rom.mem$rdmux[0][5][27]$a$1780 [11:4] $memory\u_core.u_rom.mem$rdmux[0][5][27]$a$1780 [2:1] } = { $memory\u_core.u_rom.mem$rdmux[0][5][27]$a$1780 [0] 2'00 $memory\u_core.u_rom.mem$rdmux[0][5][27]$a$1780 [0] 1'1 $memory\u_core.u_rom.mem$rdmux[0][5][27]$a$1780 [3] 3'011 $memory\u_core.u_rom.mem$rdmux[0][5][27]$a$1780 [0] }
    Consolidated identical input bits for $mux cell $memory\u_core.u_rom.mem$rdmux[0][6][53]$1953:
      Old ports: A=12'010011000010, B=12'011111001010, Y=$memory\u_core.u_rom.mem$rdmux[0][5][26]$b$1778
      New ports: A=1'0, B=1'1, Y=$memory\u_core.u_rom.mem$rdmux[0][5][26]$b$1778 [3]
      New connections: { $memory\u_core.u_rom.mem$rdmux[0][5][26]$b$1778 [11:4] $memory\u_core.u_rom.mem$rdmux[0][5][26]$b$1778 [2:0] } = { 2'01 $memory\u_core.u_rom.mem$rdmux[0][5][26]$b$1778 [3] $memory\u_core.u_rom.mem$rdmux[0][5][26]$b$1778 [3] 7'1100010 }
    Consolidated identical input bits for $mux cell $memory\u_core.u_rom.mem$rdmux[0][6][52]$1950:
      Old ports: A=12'100001000010, B=12'110001111001, Y=$memory\u_core.u_rom.mem$rdmux[0][5][26]$a$1777
      New ports: A=2'10, B=2'01, Y=$memory\u_core.u_rom.mem$rdmux[0][5][26]$a$1777 [1:0]
      New connections: $memory\u_core.u_rom.mem$rdmux[0][5][26]$a$1777 [11:2] = { 1'1 $memory\u_core.u_rom.mem$rdmux[0][5][26]$a$1777 [0] 4'0001 $memory\u_core.u_rom.mem$rdmux[0][5][26]$a$1777 [0] $memory\u_core.u_rom.mem$rdmux[0][5][26]$a$1777 [0] $memory\u_core.u_rom.mem$rdmux[0][5][26]$a$1777 [0] 1'0 }
    Consolidated identical input bits for $mux cell $memory\u_core.u_rom.mem$rdmux[0][6][51]$1947:
      Old ports: A=12'011101001000, B=12'000110000000, Y=$memory\u_core.u_rom.mem$rdmux[0][5][25]$b$1775
      New ports: A=2'01, B=2'10, Y={ $memory\u_core.u_rom.mem$rdmux[0][5][25]$b$1775 [7] $memory\u_core.u_rom.mem$rdmux[0][5][25]$b$1775 [3] }
      New connections: { $memory\u_core.u_rom.mem$rdmux[0][5][25]$b$1775 [11:8] $memory\u_core.u_rom.mem$rdmux[0][5][25]$b$1775 [6:4] $memory\u_core.u_rom.mem$rdmux[0][5][25]$b$1775 [2:0] } = { 1'0 $memory\u_core.u_rom.mem$rdmux[0][5][25]$b$1775 [3] $memory\u_core.u_rom.mem$rdmux[0][5][25]$b$1775 [3] 1'1 $memory\u_core.u_rom.mem$rdmux[0][5][25]$b$1775 [3] 5'00000 }
    Consolidated identical input bits for $mux cell $memory\u_core.u_rom.mem$rdmux[0][6][50]$1944:
      Old ports: A=12'010100101010, B=12'011111111100, Y=$memory\u_core.u_rom.mem$rdmux[0][5][25]$a$1774
      New ports: A=2'01, B=2'10, Y=$memory\u_core.u_rom.mem$rdmux[0][5][25]$a$1774 [2:1]
      New connections: { $memory\u_core.u_rom.mem$rdmux[0][5][25]$a$1774 [11:3] $memory\u_core.u_rom.mem$rdmux[0][5][25]$a$1774 [0] } = { 2'01 $memory\u_core.u_rom.mem$rdmux[0][5][25]$a$1774 [2] 1'1 $memory\u_core.u_rom.mem$rdmux[0][5][25]$a$1774 [2] $memory\u_core.u_rom.mem$rdmux[0][5][25]$a$1774 [2] 1'1 $memory\u_core.u_rom.mem$rdmux[0][5][25]$a$1774 [2] 2'10 }
    Consolidated identical input bits for $mux cell $memory\u_core.u_rom.mem$rdmux[0][6][49]$1941:
      Old ports: A=12'001001011011, B=12'001001100010, Y=$memory\u_core.u_rom.mem$rdmux[0][5][24]$b$1772
      New ports: A=2'01, B=2'10, Y={ $memory\u_core.u_rom.mem$rdmux[0][5][24]$b$1772 [5] $memory\u_core.u_rom.mem$rdmux[0][5][24]$b$1772 [0] }
      New connections: { $memory\u_core.u_rom.mem$rdmux[0][5][24]$b$1772 [11:6] $memory\u_core.u_rom.mem$rdmux[0][5][24]$b$1772 [4:1] } = { 6'001001 $memory\u_core.u_rom.mem$rdmux[0][5][24]$b$1772 [0] $memory\u_core.u_rom.mem$rdmux[0][5][24]$b$1772 [0] 2'01 }
    Consolidated identical input bits for $mux cell $memory\u_core.u_rom.mem$rdmux[0][6][48]$1938:
      Old ports: A=12'001100110001, B=12'010001001001, Y=$memory\u_core.u_rom.mem$rdmux[0][5][24]$a$1771
      New ports: A=2'10, B=2'01, Y=$memory\u_core.u_rom.mem$rdmux[0][5][24]$a$1771 [4:3]
      New connections: { $memory\u_core.u_rom.mem$rdmux[0][5][24]$a$1771 [11:5] $memory\u_core.u_rom.mem$rdmux[0][5][24]$a$1771 [2:0] } = { 1'0 $memory\u_core.u_rom.mem$rdmux[0][5][24]$a$1771 [3] $memory\u_core.u_rom.mem$rdmux[0][5][24]$a$1771 [4] $memory\u_core.u_rom.mem$rdmux[0][5][24]$a$1771 [4] 1'0 $memory\u_core.u_rom.mem$rdmux[0][5][24]$a$1771 [3] $memory\u_core.u_rom.mem$rdmux[0][5][24]$a$1771 [4] 3'001 }
    Consolidated identical input bits for $mux cell $memory\u_core.u_rom.mem$rdmux[0][6][47]$1935:
      Old ports: A=12'110001100101, B=12'110010110110, Y=$memory\u_core.u_rom.mem$rdmux[0][5][23]$b$1769
      New ports: A=2'01, B=2'10, Y=$memory\u_core.u_rom.mem$rdmux[0][5][23]$b$1769 [1:0]
      New connections: $memory\u_core.u_rom.mem$rdmux[0][5][23]$b$1769 [11:2] = { 4'1100 $memory\u_core.u_rom.mem$rdmux[0][5][23]$b$1769 [1:0] 1'1 $memory\u_core.u_rom.mem$rdmux[0][5][23]$b$1769 [1] 2'01 }
    Consolidated identical input bits for $mux cell $memory\u_core.u_rom.mem$rdmux[0][6][46]$1932:
      Old ports: A=12'000110100010, B=12'000101001001, Y=$memory\u_core.u_rom.mem$rdmux[0][5][23]$a$1768
      New ports: A=2'10, B=2'01, Y=$memory\u_core.u_rom.mem$rdmux[0][5][23]$a$1768 [1:0]
      New connections: $memory\u_core.u_rom.mem$rdmux[0][5][23]$a$1768 [11:2] = { 4'0001 $memory\u_core.u_rom.mem$rdmux[0][5][23]$a$1768 [1:0] $memory\u_core.u_rom.mem$rdmux[0][5][23]$a$1768 [1] 1'0 $memory\u_core.u_rom.mem$rdmux[0][5][23]$a$1768 [0] 1'0 }
    Consolidated identical input bits for $mux cell $memory\u_core.u_rom.mem$rdmux[0][6][45]$1929:
      Old ports: A=12'100110011001, B=12'000101011101, Y=$memory\u_core.u_rom.mem$rdmux[0][5][22]$b$1766
      New ports: A=2'10, B=2'01, Y={ $memory\u_core.u_rom.mem$rdmux[0][5][22]$b$1766 [7] $memory\u_core.u_rom.mem$rdmux[0][5][22]$b$1766 [2] }
      New connections: { $memory\u_core.u_rom.mem$rdmux[0][5][22]$b$1766 [11:8] $memory\u_core.u_rom.mem$rdmux[0][5][22]$b$1766 [6:3] $memory\u_core.u_rom.mem$rdmux[0][5][22]$b$1766 [1:0] } = { $memory\u_core.u_rom.mem$rdmux[0][5][22]$b$1766 [7] 3'001 $memory\u_core.u_rom.mem$rdmux[0][5][22]$b$1766 [2] 5'01101 }
    Consolidated identical input bits for $mux cell $memory\u_core.u_rom.mem$rdmux[0][6][44]$1926:
      Old ports: A=12'011011001011, B=12'001010000100, Y=$memory\u_core.u_rom.mem$rdmux[0][5][22]$a$1765
      New ports: A=2'01, B=2'10, Y={ $memory\u_core.u_rom.mem$rdmux[0][5][22]$a$1765 [2] $memory\u_core.u_rom.mem$rdmux[0][5][22]$a$1765 [0] }
      New connections: { $memory\u_core.u_rom.mem$rdmux[0][5][22]$a$1765 [11:3] $memory\u_core.u_rom.mem$rdmux[0][5][22]$a$1765 [1] } = { 1'0 $memory\u_core.u_rom.mem$rdmux[0][5][22]$a$1765 [0] 3'101 $memory\u_core.u_rom.mem$rdmux[0][5][22]$a$1765 [0] 2'00 $memory\u_core.u_rom.mem$rdmux[0][5][22]$a$1765 [0] $memory\u_core.u_rom.mem$rdmux[0][5][22]$a$1765 [0] }
    Consolidated identical input bits for $mux cell $memory\u_core.u_rom.mem$rdmux[0][6][43]$1923:
      Old ports: A=12'101010100111, B=12'010001011111, Y=$memory\u_core.u_rom.mem$rdmux[0][5][21]$b$1763
      New ports: A=2'10, B=2'01, Y={ $memory\u_core.u_rom.mem$rdmux[0][5][21]$b$1763 [5] $memory\u_core.u_rom.mem$rdmux[0][5][21]$b$1763 [3] }
      New connections: { $memory\u_core.u_rom.mem$rdmux[0][5][21]$b$1763 [11:6] $memory\u_core.u_rom.mem$rdmux[0][5][21]$b$1763 [4] $memory\u_core.u_rom.mem$rdmux[0][5][21]$b$1763 [2:0] } = { $memory\u_core.u_rom.mem$rdmux[0][5][21]$b$1763 [5] $memory\u_core.u_rom.mem$rdmux[0][5][21]$b$1763 [3] $memory\u_core.u_rom.mem$rdmux[0][5][21]$b$1763 [5] 1'0 $memory\u_core.u_rom.mem$rdmux[0][5][21]$b$1763 [5] $memory\u_core.u_rom.mem$rdmux[0][5][21]$b$1763 [3] $memory\u_core.u_rom.mem$rdmux[0][5][21]$b$1763 [3] 3'111 }
    Consolidated identical input bits for $mux cell $memory\u_core.u_rom.mem$rdmux[0][6][42]$1920:
      Old ports: A=12'100111111000, B=12'010111001011, Y=$memory\u_core.u_rom.mem$rdmux[0][5][21]$a$1762
      New ports: A=2'10, B=2'01, Y={ $memory\u_core.u_rom.mem$rdmux[0][5][21]$a$1762 [4] $memory\u_core.u_rom.mem$rdmux[0][5][21]$a$1762 [0] }
      New connections: { $memory\u_core.u_rom.mem$rdmux[0][5][21]$a$1762 [11:5] $memory\u_core.u_rom.mem$rdmux[0][5][21]$a$1762 [3:1] } = { $memory\u_core.u_rom.mem$rdmux[0][5][21]$a$1762 [4] $memory\u_core.u_rom.mem$rdmux[0][5][21]$a$1762 [0] 4'0111 $memory\u_core.u_rom.mem$rdmux[0][5][21]$a$1762 [4] 2'10 $memory\u_core.u_rom.mem$rdmux[0][5][21]$a$1762 [0] }
    Consolidated identical input bits for $mux cell $memory\u_core.u_rom.mem$rdmux[0][6][41]$1917:
      Old ports: A=12'010010000111, B=12'110001101110, Y=$memory\u_core.u_rom.mem$rdmux[0][5][20]$b$1760
      New ports: A=2'01, B=2'10, Y={ $memory\u_core.u_rom.mem$rdmux[0][5][20]$b$1760 [3] $memory\u_core.u_rom.mem$rdmux[0][5][20]$b$1760 [0] }
      New connections: { $memory\u_core.u_rom.mem$rdmux[0][5][20]$b$1760 [11:4] $memory\u_core.u_rom.mem$rdmux[0][5][20]$b$1760 [2:1] } = { $memory\u_core.u_rom.mem$rdmux[0][5][20]$b$1760 [3] 3'100 $memory\u_core.u_rom.mem$rdmux[0][5][20]$b$1760 [0] $memory\u_core.u_rom.mem$rdmux[0][5][20]$b$1760 [3] $memory\u_core.u_rom.mem$rdmux[0][5][20]$b$1760 [3] 3'011 }
    Consolidated identical input bits for $mux cell $memory\u_core.u_rom.mem$rdmux[0][6][40]$1914:
      Old ports: A=12'110000001011, B=12'001100001010, Y=$memory\u_core.u_rom.mem$rdmux[0][5][20]$a$1759
      New ports: A=2'01, B=2'10, Y={ $memory\u_core.u_rom.mem$rdmux[0][5][20]$a$1759 [8] $memory\u_core.u_rom.mem$rdmux[0][5][20]$a$1759 [0] }
      New connections: { $memory\u_core.u_rom.mem$rdmux[0][5][20]$a$1759 [11:9] $memory\u_core.u_rom.mem$rdmux[0][5][20]$a$1759 [7:1] } = { $memory\u_core.u_rom.mem$rdmux[0][5][20]$a$1759 [0] $memory\u_core.u_rom.mem$rdmux[0][5][20]$a$1759 [0] $memory\u_core.u_rom.mem$rdmux[0][5][20]$a$1759 [8] 7'0000101 }
    Consolidated identical input bits for $mux cell $memory\u_core.u_rom.mem$rdmux[0][6][39]$1911:
      Old ports: A=12'011000100110, B=12'011001110101, Y=$memory\u_core.u_rom.mem$rdmux[0][5][19]$b$1757
      New ports: A=2'10, B=2'01, Y=$memory\u_core.u_rom.mem$rdmux[0][5][19]$b$1757 [1:0]
      New connections: $memory\u_core.u_rom.mem$rdmux[0][5][19]$b$1757 [11:2] = { 5'01100 $memory\u_core.u_rom.mem$rdmux[0][5][19]$b$1757 [0] 1'1 $memory\u_core.u_rom.mem$rdmux[0][5][19]$b$1757 [0] 2'01 }
    Consolidated identical input bits for $mux cell $memory\u_core.u_rom.mem$rdmux[0][6][38]$1908:
      Old ports: A=12'101111011110, B=12'101100110101, Y=$memory\u_core.u_rom.mem$rdmux[0][5][19]$a$1756
      New ports: A=2'10, B=2'01, Y=$memory\u_core.u_rom.mem$rdmux[0][5][19]$a$1756 [1:0]
      New connections: $memory\u_core.u_rom.mem$rdmux[0][5][19]$a$1756 [11:2] = { 4'1011 $memory\u_core.u_rom.mem$rdmux[0][5][19]$a$1756 [1] $memory\u_core.u_rom.mem$rdmux[0][5][19]$a$1756 [1:0] 1'1 $memory\u_core.u_rom.mem$rdmux[0][5][19]$a$1756 [1] 1'1 }
    Consolidated identical input bits for $mux cell $memory\u_core.u_rom.mem$rdmux[0][6][37]$1905:
      Old ports: A=12'000010110001, B=12'110000010110, Y=$memory\u_core.u_rom.mem$rdmux[0][5][18]$b$1754
      New ports: A=2'01, B=2'10, Y=$memory\u_core.u_rom.mem$rdmux[0][5][18]$b$1754 [1:0]
      New connections: $memory\u_core.u_rom.mem$rdmux[0][5][18]$b$1754 [11:2] = { $memory\u_core.u_rom.mem$rdmux[0][5][18]$b$1754 [1] $memory\u_core.u_rom.mem$rdmux[0][5][18]$b$1754 [1] 2'00 $memory\u_core.u_rom.mem$rdmux[0][5][18]$b$1754 [0] 1'0 $memory\u_core.u_rom.mem$rdmux[0][5][18]$b$1754 [0] 2'10 $memory\u_core.u_rom.mem$rdmux[0][5][18]$b$1754 [1] }
    Consolidated identical input bits for $mux cell $memory\u_core.u_rom.mem$rdmux[0][6][36]$1902:
      Old ports: A=12'000110100110, B=12'001001001011, Y=$memory\u_core.u_rom.mem$rdmux[0][5][18]$a$1753
      New ports: A=2'10, B=2'01, Y={ $memory\u_core.u_rom.mem$rdmux[0][5][18]$a$1753 [2] $memory\u_core.u_rom.mem$rdmux[0][5][18]$a$1753 [0] }
      New connections: { $memory\u_core.u_rom.mem$rdmux[0][5][18]$a$1753 [11:3] $memory\u_core.u_rom.mem$rdmux[0][5][18]$a$1753 [1] } = { 2'00 $memory\u_core.u_rom.mem$rdmux[0][5][18]$a$1753 [0] $memory\u_core.u_rom.mem$rdmux[0][5][18]$a$1753 [2] $memory\u_core.u_rom.mem$rdmux[0][5][18]$a$1753 [2] $memory\u_core.u_rom.mem$rdmux[0][5][18]$a$1753 [0] $memory\u_core.u_rom.mem$rdmux[0][5][18]$a$1753 [2] 1'0 $memory\u_core.u_rom.mem$rdmux[0][5][18]$a$1753 [0] 1'1 }
    Consolidated identical input bits for $mux cell $memory\u_core.u_rom.mem$rdmux[0][6][35]$1899:
      Old ports: A=12'011000001110, B=12'000001101001, Y=$memory\u_core.u_rom.mem$rdmux[0][5][17]$b$1751
      New ports: A=2'10, B=2'01, Y=$memory\u_core.u_rom.mem$rdmux[0][5][17]$b$1751 [1:0]
      New connections: $memory\u_core.u_rom.mem$rdmux[0][5][17]$b$1751 [11:2] = { 1'0 $memory\u_core.u_rom.mem$rdmux[0][5][17]$b$1751 [1] $memory\u_core.u_rom.mem$rdmux[0][5][17]$b$1751 [1] 2'00 $memory\u_core.u_rom.mem$rdmux[0][5][17]$b$1751 [0] $memory\u_core.u_rom.mem$rdmux[0][5][17]$b$1751 [0] 2'01 $memory\u_core.u_rom.mem$rdmux[0][5][17]$b$1751 [1] }
    Consolidated identical input bits for $mux cell $memory\u_core.u_rom.mem$rdmux[0][6][34]$1896:
      Old ports: A=12'100000011110, B=12'001101100111, Y=$memory\u_core.u_rom.mem$rdmux[0][5][17]$a$1750
      New ports: A=2'10, B=2'01, Y={ $memory\u_core.u_rom.mem$rdmux[0][5][17]$a$1750 [3] $memory\u_core.u_rom.mem$rdmux[0][5][17]$a$1750 [0] }
      New connections: { $memory\u_core.u_rom.mem$rdmux[0][5][17]$a$1750 [11:4] $memory\u_core.u_rom.mem$rdmux[0][5][17]$a$1750 [2:1] } = { $memory\u_core.u_rom.mem$rdmux[0][5][17]$a$1750 [3] 1'0 $memory\u_core.u_rom.mem$rdmux[0][5][17]$a$1750 [0] $memory\u_core.u_rom.mem$rdmux[0][5][17]$a$1750 [0] 1'0 $memory\u_core.u_rom.mem$rdmux[0][5][17]$a$1750 [0] $memory\u_core.u_rom.mem$rdmux[0][5][17]$a$1750 [0] $memory\u_core.u_rom.mem$rdmux[0][5][17]$a$1750 [3] 2'11 }
    Consolidated identical input bits for $mux cell $memory\u_core.u_rom.mem$rdmux[0][6][33]$1893:
      Old ports: A=12'001000101011, B=12'001101001011, Y=$memory\u_core.u_rom.mem$rdmux[0][5][16]$b$1748
      New ports: A=2'01, B=2'10, Y=$memory\u_core.u_rom.mem$rdmux[0][5][16]$b$1748 [6:5]
      New connections: { $memory\u_core.u_rom.mem$rdmux[0][5][16]$b$1748 [11:7] $memory\u_core.u_rom.mem$rdmux[0][5][16]$b$1748 [4:0] } = { 3'001 $memory\u_core.u_rom.mem$rdmux[0][5][16]$b$1748 [6] 6'001011 }
    Consolidated identical input bits for $mux cell $memory\u_core.u_rom.mem$rdmux[0][6][32]$1890:
      Old ports: A=12'100010110010, B=12'000110101110, Y=$memory\u_core.u_rom.mem$rdmux[0][5][16]$a$1747
      New ports: A=2'10, B=2'01, Y={ $memory\u_core.u_rom.mem$rdmux[0][5][16]$a$1747 [4] $memory\u_core.u_rom.mem$rdmux[0][5][16]$a$1747 [2] }
      New connections: { $memory\u_core.u_rom.mem$rdmux[0][5][16]$a$1747 [11:5] $memory\u_core.u_rom.mem$rdmux[0][5][16]$a$1747 [3] $memory\u_core.u_rom.mem$rdmux[0][5][16]$a$1747 [1:0] } = { $memory\u_core.u_rom.mem$rdmux[0][5][16]$a$1747 [4] 2'00 $memory\u_core.u_rom.mem$rdmux[0][5][16]$a$1747 [2] 3'101 $memory\u_core.u_rom.mem$rdmux[0][5][16]$a$1747 [2] 2'10 }
    Consolidated identical input bits for $mux cell $memory\u_core.u_rom.mem$rdmux[0][6][31]$1887:
      Old ports: A=12'001010100101, B=12'100000000110, Y=$memory\u_core.u_rom.mem$rdmux[0][5][15]$b$1745
      New ports: A=2'01, B=2'10, Y=$memory\u_core.u_rom.mem$rdmux[0][5][15]$b$1745 [1:0]
      New connections: $memory\u_core.u_rom.mem$rdmux[0][5][15]$b$1745 [11:2] = { $memory\u_core.u_rom.mem$rdmux[0][5][15]$b$1745 [1] 1'0 $memory\u_core.u_rom.mem$rdmux[0][5][15]$b$1745 [0] 1'0 $memory\u_core.u_rom.mem$rdmux[0][5][15]$b$1745 [0] 1'0 $memory\u_core.u_rom.mem$rdmux[0][5][15]$b$1745 [0] 3'001 }
    Consolidated identical input bits for $mux cell $memory\u_core.u_rom.mem$rdmux[0][6][30]$1884:
      Old ports: A=12'000111000000, B=12'100011011000, Y=$memory\u_core.u_rom.mem$rdmux[0][5][15]$a$1744
      New ports: A=2'10, B=2'01, Y={ $memory\u_core.u_rom.mem$rdmux[0][5][15]$a$1744 [8] $memory\u_core.u_rom.mem$rdmux[0][5][15]$a$1744 [3] }
      New connections: { $memory\u_core.u_rom.mem$rdmux[0][5][15]$a$1744 [11:9] $memory\u_core.u_rom.mem$rdmux[0][5][15]$a$1744 [7:4] $memory\u_core.u_rom.mem$rdmux[0][5][15]$a$1744 [2:0] } = { $memory\u_core.u_rom.mem$rdmux[0][5][15]$a$1744 [3] 5'00110 $memory\u_core.u_rom.mem$rdmux[0][5][15]$a$1744 [3] 3'000 }
    Consolidated identical input bits for $mux cell $memory\u_core.u_rom.mem$rdmux[0][6][29]$1881:
      Old ports: A=12'011100011101, B=12'101000101100, Y=$memory\u_core.u_rom.mem$rdmux[0][5][14]$b$1742
      New ports: A=2'01, B=2'10, Y={ $memory\u_core.u_rom.mem$rdmux[0][5][14]$b$1742 [5] $memory\u_core.u_rom.mem$rdmux[0][5][14]$b$1742 [0] }
      New connections: { $memory\u_core.u_rom.mem$rdmux[0][5][14]$b$1742 [11:6] $memory\u_core.u_rom.mem$rdmux[0][5][14]$b$1742 [4:1] } = { $memory\u_core.u_rom.mem$rdmux[0][5][14]$b$1742 [5] $memory\u_core.u_rom.mem$rdmux[0][5][14]$b$1742 [0] 1'1 $memory\u_core.u_rom.mem$rdmux[0][5][14]$b$1742 [0] 2'00 $memory\u_core.u_rom.mem$rdmux[0][5][14]$b$1742 [0] 3'110 }
    Consolidated identical input bits for $mux cell $memory\u_core.u_rom.mem$rdmux[0][6][28]$1878:
      Old ports: A=12'101101110011, B=12'001111000001, Y=$memory\u_core.u_rom.mem$rdmux[0][5][14]$a$1741
      New ports: A=2'01, B=2'10, Y={ $memory\u_core.u_rom.mem$rdmux[0][5][14]$a$1741 [7] $memory\u_core.u_rom.mem$rdmux[0][5][14]$a$1741 [1] }
      New connections: { $memory\u_core.u_rom.mem$rdmux[0][5][14]$a$1741 [11:8] $memory\u_core.u_rom.mem$rdmux[0][5][14]$a$1741 [6:2] $memory\u_core.u_rom.mem$rdmux[0][5][14]$a$1741 [0] } = { $memory\u_core.u_rom.mem$rdmux[0][5][14]$a$1741 [1] 4'0111 $memory\u_core.u_rom.mem$rdmux[0][5][14]$a$1741 [1] $memory\u_core.u_rom.mem$rdmux[0][5][14]$a$1741 [1] 3'001 }
    Consolidated identical input bits for $mux cell $memory\u_core.u_rom.mem$rdmux[0][6][27]$1875:
      Old ports: A=12'110000001010, B=12'100101001010, Y=$memory\u_core.u_rom.mem$rdmux[0][5][13]$b$1739
      New ports: A=2'10, B=2'01, Y={ $memory\u_core.u_rom.mem$rdmux[0][5][13]$b$1739 [10] $memory\u_core.u_rom.mem$rdmux[0][5][13]$b$1739 [6] }
      New connections: { $memory\u_core.u_rom.mem$rdmux[0][5][13]$b$1739 [11] $memory\u_core.u_rom.mem$rdmux[0][5][13]$b$1739 [9:7] $memory\u_core.u_rom.mem$rdmux[0][5][13]$b$1739 [5:0] } = { 2'10 $memory\u_core.u_rom.mem$rdmux[0][5][13]$b$1739 [6] 7'0001010 }
    Consolidated identical input bits for $mux cell $memory\u_core.u_rom.mem$rdmux[0][6][26]$1872:
      Old ports: A=12'000001101011, B=12'011101110100, Y=$memory\u_core.u_rom.mem$rdmux[0][5][13]$a$1738
      New ports: A=2'01, B=2'10, Y={ $memory\u_core.u_rom.mem$rdmux[0][5][13]$a$1738 [2] $memory\u_core.u_rom.mem$rdmux[0][5][13]$a$1738 [0] }
      New connections: { $memory\u_core.u_rom.mem$rdmux[0][5][13]$a$1738 [11:3] $memory\u_core.u_rom.mem$rdmux[0][5][13]$a$1738 [1] } = { 1'0 $memory\u_core.u_rom.mem$rdmux[0][5][13]$a$1738 [2] $memory\u_core.u_rom.mem$rdmux[0][5][13]$a$1738 [2] $memory\u_core.u_rom.mem$rdmux[0][5][13]$a$1738 [2] 3'011 $memory\u_core.u_rom.mem$rdmux[0][5][13]$a$1738 [2] $memory\u_core.u_rom.mem$rdmux[0][5][13]$a$1738 [0] $memory\u_core.u_rom.mem$rdmux[0][5][13]$a$1738 [0] }
    Consolidated identical input bits for $mux cell $memory\u_core.u_rom.mem$rdmux[0][6][25]$1869:
      Old ports: A=12'101111110010, B=12'001100111110, Y=$memory\u_core.u_rom.mem$rdmux[0][5][12]$b$1736
      New ports: A=2'10, B=2'01, Y={ $memory\u_core.u_rom.mem$rdmux[0][5][12]$b$1736 [6] $memory\u_core.u_rom.mem$rdmux[0][5][12]$b$1736 [2] }
      New connections: { $memory\u_core.u_rom.mem$rdmux[0][5][12]$b$1736 [11:7] $memory\u_core.u_rom.mem$rdmux[0][5][12]$b$1736 [5:3] $memory\u_core.u_rom.mem$rdmux[0][5][12]$b$1736 [1:0] } = { $memory\u_core.u_rom.mem$rdmux[0][5][12]$b$1736 [6] 3'011 $memory\u_core.u_rom.mem$rdmux[0][5][12]$b$1736 [6] 2'11 $memory\u_core.u_rom.mem$rdmux[0][5][12]$b$1736 [2] 2'10 }
    Consolidated identical input bits for $mux cell $memory\u_core.u_rom.mem$rdmux[0][6][24]$1866:
      Old ports: A=12'100110101100, B=12'110010100111, Y=$memory\u_core.u_rom.mem$rdmux[0][5][12]$a$1735
      New ports: A=2'10, B=2'01, Y={ $memory\u_core.u_rom.mem$rdmux[0][5][12]$a$1735 [3] $memory\u_core.u_rom.mem$rdmux[0][5][12]$a$1735 [0] }
      New connections: { $memory\u_core.u_rom.mem$rdmux[0][5][12]$a$1735 [11:4] $memory\u_core.u_rom.mem$rdmux[0][5][12]$a$1735 [2:1] } = { 1'1 $memory\u_core.u_rom.mem$rdmux[0][5][12]$a$1735 [0] 1'0 $memory\u_core.u_rom.mem$rdmux[0][5][12]$a$1735 [3] 5'10101 $memory\u_core.u_rom.mem$rdmux[0][5][12]$a$1735 [0] }
    Consolidated identical input bits for $mux cell $memory\u_core.u_rom.mem$rdmux[0][6][23]$1863:
      Old ports: A=12'000001111110, B=12'010110111101, Y=$memory\u_core.u_rom.mem$rdmux[0][5][11]$b$1733
      New ports: A=2'10, B=2'01, Y=$memory\u_core.u_rom.mem$rdmux[0][5][11]$b$1733 [1:0]
      New connections: $memory\u_core.u_rom.mem$rdmux[0][5][11]$b$1733 [11:2] = { 1'0 $memory\u_core.u_rom.mem$rdmux[0][5][11]$b$1733 [0] 1'0 $memory\u_core.u_rom.mem$rdmux[0][5][11]$b$1733 [0] $memory\u_core.u_rom.mem$rdmux[0][5][11]$b$1733 [0] $memory\u_core.u_rom.mem$rdmux[0][5][11]$b$1733 [1] 4'1111 }
    Consolidated identical input bits for $mux cell $memory\u_core.u_rom.mem$rdmux[0][6][22]$1860:
      Old ports: A=12'011010101111, B=12'100001110111, Y=$memory\u_core.u_rom.mem$rdmux[0][5][11]$a$1732
      New ports: A=2'01, B=2'10, Y=$memory\u_core.u_rom.mem$rdmux[0][5][11]$a$1732 [4:3]
      New connections: { $memory\u_core.u_rom.mem$rdmux[0][5][11]$a$1732 [11:5] $memory\u_core.u_rom.mem$rdmux[0][5][11]$a$1732 [2:0] } = { $memory\u_core.u_rom.mem$rdmux[0][5][11]$a$1732 [4:3] $memory\u_core.u_rom.mem$rdmux[0][5][11]$a$1732 [3] 1'0 $memory\u_core.u_rom.mem$rdmux[0][5][11]$a$1732 [3] $memory\u_core.u_rom.mem$rdmux[0][5][11]$a$1732 [4] 4'1111 }
    Consolidated identical input bits for $mux cell $memory\u_core.u_rom.mem$rdmux[0][6][21]$1857:
      Old ports: A=12'101111000001, B=12'101001100111, Y=$memory\u_core.u_rom.mem$rdmux[0][5][10]$b$1730
      New ports: A=2'10, B=2'01, Y={ $memory\u_core.u_rom.mem$rdmux[0][5][10]$b$1730 [7] $memory\u_core.u_rom.mem$rdmux[0][5][10]$b$1730 [1] }
      New connections: { $memory\u_core.u_rom.mem$rdmux[0][5][10]$b$1730 [11:8] $memory\u_core.u_rom.mem$rdmux[0][5][10]$b$1730 [6:2] $memory\u_core.u_rom.mem$rdmux[0][5][10]$b$1730 [0] } = { 3'101 $memory\u_core.u_rom.mem$rdmux[0][5][10]$b$1730 [7] 1'1 $memory\u_core.u_rom.mem$rdmux[0][5][10]$b$1730 [1] 2'00 $memory\u_core.u_rom.mem$rdmux[0][5][10]$b$1730 [1] 1'1 }
    Consolidated identical input bits for $mux cell $memory\u_core.u_rom.mem$rdmux[0][6][20]$1854:
      Old ports: A=12'001000000100, B=12'110011111001, Y=$memory\u_core.u_rom.mem$rdmux[0][5][10]$a$1729
      New ports: A=2'10, B=2'01, Y={ $memory\u_core.u_rom.mem$rdmux[0][5][10]$a$1729 [2] $memory\u_core.u_rom.mem$rdmux[0][5][10]$a$1729 [0] }
      New connections: { $memory\u_core.u_rom.mem$rdmux[0][5][10]$a$1729 [11:3] $memory\u_core.u_rom.mem$rdmux[0][5][10]$a$1729 [1] } = { $memory\u_core.u_rom.mem$rdmux[0][5][10]$a$1729 [0] $memory\u_core.u_rom.mem$rdmux[0][5][10]$a$1729 [0] $memory\u_core.u_rom.mem$rdmux[0][5][10]$a$1729 [2] 1'0 $memory\u_core.u_rom.mem$rdmux[0][5][10]$a$1729 [0] $memory\u_core.u_rom.mem$rdmux[0][5][10]$a$1729 [0] $memory\u_core.u_rom.mem$rdmux[0][5][10]$a$1729 [0] $memory\u_core.u_rom.mem$rdmux[0][5][10]$a$1729 [0] $memory\u_core.u_rom.mem$rdmux[0][5][10]$a$1729 [0] 1'0 }
    Consolidated identical input bits for $mux cell $memory\u_core.u_rom.mem$rdmux[0][6][19]$1851:
      Old ports: A=12'101111100111, B=12'011011111001, Y=$memory\u_core.u_rom.mem$rdmux[0][5][9]$b$1727
      New ports: A=2'01, B=2'10, Y={ $memory\u_core.u_rom.mem$rdmux[0][5][9]$b$1727 [3] $memory\u_core.u_rom.mem$rdmux[0][5][9]$b$1727 [1] }
      New connections: { $memory\u_core.u_rom.mem$rdmux[0][5][9]$b$1727 [11:4] $memory\u_core.u_rom.mem$rdmux[0][5][9]$b$1727 [2] $memory\u_core.u_rom.mem$rdmux[0][5][9]$b$1727 [0] } = { $memory\u_core.u_rom.mem$rdmux[0][5][9]$b$1727 [1] $memory\u_core.u_rom.mem$rdmux[0][5][9]$b$1727 [3] 1'1 $memory\u_core.u_rom.mem$rdmux[0][5][9]$b$1727 [1] 3'111 $memory\u_core.u_rom.mem$rdmux[0][5][9]$b$1727 [3] $memory\u_core.u_rom.mem$rdmux[0][5][9]$b$1727 [1] 1'1 }
    Consolidated identical input bits for $mux cell $memory\u_core.u_rom.mem$rdmux[0][6][18]$1848:
      Old ports: A=12'011111110100, B=12'010111010011, Y=$memory\u_core.u_rom.mem$rdmux[0][5][9]$a$1726
      New ports: A=2'10, B=2'01, Y={ $memory\u_core.u_rom.mem$rdmux[0][5][9]$a$1726 [2] $memory\u_core.u_rom.mem$rdmux[0][5][9]$a$1726 [0] }
      New connections: { $memory\u_core.u_rom.mem$rdmux[0][5][9]$a$1726 [11:3] $memory\u_core.u_rom.mem$rdmux[0][5][9]$a$1726 [1] } = { 2'01 $memory\u_core.u_rom.mem$rdmux[0][5][9]$a$1726 [2] 3'111 $memory\u_core.u_rom.mem$rdmux[0][5][9]$a$1726 [2] 2'10 $memory\u_core.u_rom.mem$rdmux[0][5][9]$a$1726 [0] }
    Consolidated identical input bits for $mux cell $memory\u_core.u_rom.mem$rdmux[0][6][17]$1845:
      Old ports: A=12'101011011001, B=12'001111110111, Y=$memory\u_core.u_rom.mem$rdmux[0][5][8]$b$1724
      New ports: A=2'10, B=2'01, Y={ $memory\u_core.u_rom.mem$rdmux[0][5][8]$b$1724 [3] $memory\u_core.u_rom.mem$rdmux[0][5][8]$b$1724 [1] }
      New connections: { $memory\u_core.u_rom.mem$rdmux[0][5][8]$b$1724 [11:4] $memory\u_core.u_rom.mem$rdmux[0][5][8]$b$1724 [2] $memory\u_core.u_rom.mem$rdmux[0][5][8]$b$1724 [0] } = { $memory\u_core.u_rom.mem$rdmux[0][5][8]$b$1724 [3] 2'01 $memory\u_core.u_rom.mem$rdmux[0][5][8]$b$1724 [1] 2'11 $memory\u_core.u_rom.mem$rdmux[0][5][8]$b$1724 [1] 1'1 $memory\u_core.u_rom.mem$rdmux[0][5][8]$b$1724 [1] 1'1 }
    Consolidated identical input bits for $mux cell $memory\u_core.u_rom.mem$rdmux[0][6][16]$1842:
      Old ports: A=12'010011000111, B=12'001010001100, Y=$memory\u_core.u_rom.mem$rdmux[0][5][8]$a$1723
      New ports: A=2'01, B=2'10, Y={ $memory\u_core.u_rom.mem$rdmux[0][5][8]$a$1723 [3] $memory\u_core.u_rom.mem$rdmux[0][5][8]$a$1723 [0] }
      New connections: { $memory\u_core.u_rom.mem$rdmux[0][5][8]$a$1723 [11:4] $memory\u_core.u_rom.mem$rdmux[0][5][8]$a$1723 [2:1] } = { 1'0 $memory\u_core.u_rom.mem$rdmux[0][5][8]$a$1723 [0] $memory\u_core.u_rom.mem$rdmux[0][5][8]$a$1723 [3] 2'01 $memory\u_core.u_rom.mem$rdmux[0][5][8]$a$1723 [0] 3'001 $memory\u_core.u_rom.mem$rdmux[0][5][8]$a$1723 [0] }
    Consolidated identical input bits for $mux cell $memory\u_core.u_rom.mem$rdmux[0][6][15]$1839:
      Old ports: A=12'110000110100, B=12'011011011110, Y=$memory\u_core.u_rom.mem$rdmux[0][5][7]$b$1721
      New ports: A=2'10, B=2'01, Y={ $memory\u_core.u_rom.mem$rdmux[0][5][7]$b$1721 [5] $memory\u_core.u_rom.mem$rdmux[0][5][7]$b$1721 [1] }
      New connections: { $memory\u_core.u_rom.mem$rdmux[0][5][7]$b$1721 [11:6] $memory\u_core.u_rom.mem$rdmux[0][5][7]$b$1721 [4:2] $memory\u_core.u_rom.mem$rdmux[0][5][7]$b$1721 [0] } = { $memory\u_core.u_rom.mem$rdmux[0][5][7]$b$1721 [5] 1'1 $memory\u_core.u_rom.mem$rdmux[0][5][7]$b$1721 [1] 1'0 $memory\u_core.u_rom.mem$rdmux[0][5][7]$b$1721 [1] $memory\u_core.u_rom.mem$rdmux[0][5][7]$b$1721 [1] 1'1 $memory\u_core.u_rom.mem$rdmux[0][5][7]$b$1721 [1] 2'10 }
    Consolidated identical input bits for $mux cell $memory\u_core.u_rom.mem$rdmux[0][6][14]$1836:
      Old ports: A=12'011011111011, B=12'000110011011, Y=$memory\u_core.u_rom.mem$rdmux[0][5][7]$a$1720
      New ports: A=2'01, B=2'10, Y={ $memory\u_core.u_rom.mem$rdmux[0][5][7]$a$1720 [8] $memory\u_core.u_rom.mem$rdmux[0][5][7]$a$1720 [5] }
      New connections: { $memory\u_core.u_rom.mem$rdmux[0][5][7]$a$1720 [11:9] $memory\u_core.u_rom.mem$rdmux[0][5][7]$a$1720 [7:6] $memory\u_core.u_rom.mem$rdmux[0][5][7]$a$1720 [4:0] } = { 1'0 $memory\u_core.u_rom.mem$rdmux[0][5][7]$a$1720 [5] $memory\u_core.u_rom.mem$rdmux[0][5][7]$a$1720 [5] 1'1 $memory\u_core.u_rom.mem$rdmux[0][5][7]$a$1720 [5] 5'11011 }
    Consolidated identical input bits for $mux cell $memory\u_core.u_rom.mem$rdmux[0][6][13]$1833:
      Old ports: A=12'001011011100, B=12'001001100000, Y=$memory\u_core.u_rom.mem$rdmux[0][5][6]$b$1718
      New ports: A=2'01, B=2'10, Y={ $memory\u_core.u_rom.mem$rdmux[0][5][6]$b$1718 [5] $memory\u_core.u_rom.mem$rdmux[0][5][6]$b$1718 [2] }
      New connections: { $memory\u_core.u_rom.mem$rdmux[0][5][6]$b$1718 [11:6] $memory\u_core.u_rom.mem$rdmux[0][5][6]$b$1718 [4:3] $memory\u_core.u_rom.mem$rdmux[0][5][6]$b$1718 [1:0] } = { 4'0010 $memory\u_core.u_rom.mem$rdmux[0][5][6]$b$1718 [2] 1'1 $memory\u_core.u_rom.mem$rdmux[0][5][6]$b$1718 [2] $memory\u_core.u_rom.mem$rdmux[0][5][6]$b$1718 [2] 2'00 }
    Consolidated identical input bits for $mux cell $memory\u_core.u_rom.mem$rdmux[0][6][12]$1830:
      Old ports: A=12'101001011000, B=12'001111111001, Y=$memory\u_core.u_rom.mem$rdmux[0][5][6]$a$1717
      New ports: A=2'10, B=2'01, Y={ $memory\u_core.u_rom.mem$rdmux[0][5][6]$a$1717 [11] $memory\u_core.u_rom.mem$rdmux[0][5][6]$a$1717 [0] }
      New connections: $memory\u_core.u_rom.mem$rdmux[0][5][6]$a$1717 [10:1] = { 2'01 $memory\u_core.u_rom.mem$rdmux[0][5][6]$a$1717 [0] $memory\u_core.u_rom.mem$rdmux[0][5][6]$a$1717 [0] 1'1 $memory\u_core.u_rom.mem$rdmux[0][5][6]$a$1717 [0] 4'1100 }
    Consolidated identical input bits for $mux cell $memory\u_core.u_rom.mem$rdmux[0][6][11]$1827:
      Old ports: A=12'011010111111, B=12'110001111111, Y=$memory\u_core.u_rom.mem$rdmux[0][5][5]$b$1715
      New ports: A=2'10, B=2'01, Y=$memory\u_core.u_rom.mem$rdmux[0][5][5]$b$1715 [7:6]
      New connections: { $memory\u_core.u_rom.mem$rdmux[0][5][5]$b$1715 [11:8] $memory\u_core.u_rom.mem$rdmux[0][5][5]$b$1715 [5:0] } = { $memory\u_core.u_rom.mem$rdmux[0][5][5]$b$1715 [6] 1'1 $memory\u_core.u_rom.mem$rdmux[0][5][5]$b$1715 [7] 7'0111111 }
    Consolidated identical input bits for $mux cell $memory\u_core.u_rom.mem$rdmux[0][6][10]$1824:
      Old ports: A=12'100111000100, B=12'010110110010, Y=$memory\u_core.u_rom.mem$rdmux[0][5][5]$a$1714
      New ports: A=2'10, B=2'01, Y=$memory\u_core.u_rom.mem$rdmux[0][5][5]$a$1714 [2:1]
      New connections: { $memory\u_core.u_rom.mem$rdmux[0][5][5]$a$1714 [11:3] $memory\u_core.u_rom.mem$rdmux[0][5][5]$a$1714 [0] } = { $memory\u_core.u_rom.mem$rdmux[0][5][5]$a$1714 [2:1] 3'011 $memory\u_core.u_rom.mem$rdmux[0][5][5]$a$1714 [2:1] $memory\u_core.u_rom.mem$rdmux[0][5][5]$a$1714 [1] 2'00 }
    Consolidated identical input bits for $mux cell $memory\u_core.u_rom.mem$rdmux[0][6][9]$1821:
      Old ports: A=12'000100001000, B=12'000101111111, Y=$memory\u_core.u_rom.mem$rdmux[0][5][4]$b$1712
      New ports: A=1'0, B=1'1, Y=$memory\u_core.u_rom.mem$rdmux[0][5][4]$b$1712 [0]
      New connections: $memory\u_core.u_rom.mem$rdmux[0][5][4]$b$1712 [11:1] = { 5'00010 $memory\u_core.u_rom.mem$rdmux[0][5][4]$b$1712 [0] $memory\u_core.u_rom.mem$rdmux[0][5][4]$b$1712 [0] $memory\u_core.u_rom.mem$rdmux[0][5][4]$b$1712 [0] 1'1 $memory\u_core.u_rom.mem$rdmux[0][5][4]$b$1712 [0] $memory\u_core.u_rom.mem$rdmux[0][5][4]$b$1712 [0] }
    Consolidated identical input bits for $mux cell $memory\u_core.u_rom.mem$rdmux[0][6][8]$1818:
      Old ports: A=12'001000111101, B=12'011111010100, Y=$memory\u_core.u_rom.mem$rdmux[0][5][4]$a$1711
      New ports: A=2'01, B=2'10, Y={ $memory\u_core.u_rom.mem$rdmux[0][5][4]$a$1711 [6] $memory\u_core.u_rom.mem$rdmux[0][5][4]$a$1711 [0] }
      New connections: { $memory\u_core.u_rom.mem$rdmux[0][5][4]$a$1711 [11:7] $memory\u_core.u_rom.mem$rdmux[0][5][4]$a$1711 [5:1] } = { 1'0 $memory\u_core.u_rom.mem$rdmux[0][5][4]$a$1711 [6] 1'1 $memory\u_core.u_rom.mem$rdmux[0][5][4]$a$1711 [6] $memory\u_core.u_rom.mem$rdmux[0][5][4]$a$1711 [6] $memory\u_core.u_rom.mem$rdmux[0][5][4]$a$1711 [0] 1'1 $memory\u_core.u_rom.mem$rdmux[0][5][4]$a$1711 [0] 2'10 }
    Consolidated identical input bits for $mux cell $memory\u_core.u_rom.mem$rdmux[0][6][7]$1815:
      Old ports: A=12'011100111111, B=12'010110111100, Y=$memory\u_core.u_rom.mem$rdmux[0][5][3]$b$1709
      New ports: A=2'01, B=2'10, Y={ $memory\u_core.u_rom.mem$rdmux[0][5][3]$b$1709 [7] $memory\u_core.u_rom.mem$rdmux[0][5][3]$b$1709 [0] }
      New connections: { $memory\u_core.u_rom.mem$rdmux[0][5][3]$b$1709 [11:8] $memory\u_core.u_rom.mem$rdmux[0][5][3]$b$1709 [6:1] } = { 2'01 $memory\u_core.u_rom.mem$rdmux[0][5][3]$b$1709 [0] 6'101111 $memory\u_core.u_rom.mem$rdmux[0][5][3]$b$1709 [0] }
    Consolidated identical input bits for $mux cell $memory\u_core.u_rom.mem$rdmux[0][6][6]$1812:
      Old ports: A=12'001111000010, B=12'100001001111, Y=$memory\u_core.u_rom.mem$rdmux[0][5][3]$a$1708
      New ports: A=2'10, B=2'01, Y={ $memory\u_core.u_rom.mem$rdmux[0][5][3]$a$1708 [7] $memory\u_core.u_rom.mem$rdmux[0][5][3]$a$1708 [0] }
      New connections: { $memory\u_core.u_rom.mem$rdmux[0][5][3]$a$1708 [11:8] $memory\u_core.u_rom.mem$rdmux[0][5][3]$a$1708 [6:1] } = { $memory\u_core.u_rom.mem$rdmux[0][5][3]$a$1708 [0] 1'0 $memory\u_core.u_rom.mem$rdmux[0][5][3]$a$1708 [7] $memory\u_core.u_rom.mem$rdmux[0][5][3]$a$1708 [7] 3'100 $memory\u_core.u_rom.mem$rdmux[0][5][3]$a$1708 [0] $memory\u_core.u_rom.mem$rdmux[0][5][3]$a$1708 [0] 1'1 }
    Consolidated identical input bits for $mux cell $memory\u_core.u_rom.mem$rdmux[0][6][5]$1809:
      Old ports: A=12'011000101001, B=12'000010110110, Y=$memory\u_core.u_rom.mem$rdmux[0][5][2]$b$1706
      New ports: A=2'01, B=2'10, Y=$memory\u_core.u_rom.mem$rdmux[0][5][2]$b$1706 [1:0]
      New connections: $memory\u_core.u_rom.mem$rdmux[0][5][2]$b$1706 [11:2] = { 1'0 $memory\u_core.u_rom.mem$rdmux[0][5][2]$b$1706 [0] $memory\u_core.u_rom.mem$rdmux[0][5][2]$b$1706 [0] 1'0 $memory\u_core.u_rom.mem$rdmux[0][5][2]$b$1706 [1] 2'01 $memory\u_core.u_rom.mem$rdmux[0][5][2]$b$1706 [1:0] $memory\u_core.u_rom.mem$rdmux[0][5][2]$b$1706 [1] }
    Consolidated identical input bits for $mux cell $memory\u_core.u_rom.mem$rdmux[0][6][4]$1806:
      Old ports: A=12'110001010110, B=12'001001101110, Y=$memory\u_core.u_rom.mem$rdmux[0][5][2]$a$1705
      New ports: A=2'10, B=2'01, Y=$memory\u_core.u_rom.mem$rdmux[0][5][2]$a$1705 [4:3]
      New connections: { $memory\u_core.u_rom.mem$rdmux[0][5][2]$a$1705 [11:5] $memory\u_core.u_rom.mem$rdmux[0][5][2]$a$1705 [2:0] } = { $memory\u_core.u_rom.mem$rdmux[0][5][2]$a$1705 [4] $memory\u_core.u_rom.mem$rdmux[0][5][2]$a$1705 [4:3] 3'001 $memory\u_core.u_rom.mem$rdmux[0][5][2]$a$1705 [3] 3'110 }
    Consolidated identical input bits for $mux cell $memory\u_core.u_rom.mem$rdmux[0][6][3]$1803:
      Old ports: A=12'000100011111, B=12'000011001010, Y=$memory\u_core.u_rom.mem$rdmux[0][5][1]$b$1703
      New ports: A=2'01, B=2'10, Y={ $memory\u_core.u_rom.mem$rdmux[0][5][1]$b$1703 [6] $memory\u_core.u_rom.mem$rdmux[0][5][1]$b$1703 [0] }
      New connections: { $memory\u_core.u_rom.mem$rdmux[0][5][1]$b$1703 [11:7] $memory\u_core.u_rom.mem$rdmux[0][5][1]$b$1703 [5:1] } = { 3'000 $memory\u_core.u_rom.mem$rdmux[0][5][1]$b$1703 [0] $memory\u_core.u_rom.mem$rdmux[0][5][1]$b$1703 [6] 1'0 $memory\u_core.u_rom.mem$rdmux[0][5][1]$b$1703 [0] 1'1 $memory\u_core.u_rom.mem$rdmux[0][5][1]$b$1703 [0] 1'1 }
    Consolidated identical input bits for $mux cell $memory\u_core.u_rom.mem$rdmux[0][6][2]$1800:
      Old ports: A=12'010111010101, B=12'010110001110, Y=$memory\u_core.u_rom.mem$rdmux[0][5][1]$a$1702
      New ports: A=2'01, B=2'10, Y=$memory\u_core.u_rom.mem$rdmux[0][5][1]$a$1702 [1:0]
      New connections: $memory\u_core.u_rom.mem$rdmux[0][5][1]$a$1702 [11:2] = { 5'01011 $memory\u_core.u_rom.mem$rdmux[0][5][1]$a$1702 [0] 1'0 $memory\u_core.u_rom.mem$rdmux[0][5][1]$a$1702 [0] $memory\u_core.u_rom.mem$rdmux[0][5][1]$a$1702 [1] 1'1 }
    Consolidated identical input bits for $mux cell $memory\u_core.u_rom.mem$rdmux[0][6][1]$1797:
      Old ports: A=12'101110011010, B=12'011100010100, Y=$memory\u_core.u_rom.mem$rdmux[0][5][0]$b$1700
      New ports: A=2'01, B=2'10, Y=$memory\u_core.u_rom.mem$rdmux[0][5][0]$b$1700 [2:1]
      New connections: { $memory\u_core.u_rom.mem$rdmux[0][5][0]$b$1700 [11:3] $memory\u_core.u_rom.mem$rdmux[0][5][0]$b$1700 [0] } = { $memory\u_core.u_rom.mem$rdmux[0][5][0]$b$1700 [1] $memory\u_core.u_rom.mem$rdmux[0][5][0]$b$1700 [2] 2'11 $memory\u_core.u_rom.mem$rdmux[0][5][0]$b$1700 [1] 3'001 $memory\u_core.u_rom.mem$rdmux[0][5][0]$b$1700 [1] 1'0 }
    Consolidated identical input bits for $mux cell $memory\u_core.u_rom.mem$rdmux[0][6][0]$1794:
      Old ports: A=12'100011101101, B=12'101000001011, Y=$memory\u_core.u_rom.mem$rdmux[0][5][0]$a$1699
      New ports: A=2'10, B=2'01, Y=$memory\u_core.u_rom.mem$rdmux[0][5][0]$a$1699 [2:1]
      New connections: { $memory\u_core.u_rom.mem$rdmux[0][5][0]$a$1699 [11:3] $memory\u_core.u_rom.mem$rdmux[0][5][0]$a$1699 [0] } = { 2'10 $memory\u_core.u_rom.mem$rdmux[0][5][0]$a$1699 [1] 1'0 $memory\u_core.u_rom.mem$rdmux[0][5][0]$a$1699 [2] $memory\u_core.u_rom.mem$rdmux[0][5][0]$a$1699 [2] $memory\u_core.u_rom.mem$rdmux[0][5][0]$a$1699 [2] 3'011 }
    Consolidated identical input bits for $mux cell $flatten\u_core.\u_ag.$ternary$rtl/addr_gen.v:117$21:
      Old ports: A=7'0000001, B=7'1111111, Y=$flatten\u_core.\u_ag.$ternary$rtl/addr_gen.v:117$21_Y
      New ports: A=1'0, B=1'1, Y=$flatten\u_core.\u_ag.$ternary$rtl/addr_gen.v:117$21_Y [1]
      New connections: { $flatten\u_core.\u_ag.$ternary$rtl/addr_gen.v:117$21_Y [6:2] $flatten\u_core.\u_ag.$ternary$rtl/addr_gen.v:117$21_Y [0] } = { $flatten\u_core.\u_ag.$ternary$rtl/addr_gen.v:117$21_Y [1] $flatten\u_core.\u_ag.$ternary$rtl/addr_gen.v:117$21_Y [1] $flatten\u_core.\u_ag.$ternary$rtl/addr_gen.v:117$21_Y [1] $flatten\u_core.\u_ag.$ternary$rtl/addr_gen.v:117$21_Y [1] $flatten\u_core.\u_ag.$ternary$rtl/addr_gen.v:117$21_Y [1] 1'1 }
    Consolidated identical input bits for $mux cell $memory\u_core.u_rom.mem$rdmux[0][6][63]$1983:
      Old ports: A=12'010111110010, B=12'011001011100, Y=$memory\u_core.u_rom.mem$rdmux[0][5][31]$b$1793
      New ports: A=2'01, B=2'10, Y=$memory\u_core.u_rom.mem$rdmux[0][5][31]$b$1793 [2:1]
      New connections: { $memory\u_core.u_rom.mem$rdmux[0][5][31]$b$1793 [11:3] $memory\u_core.u_rom.mem$rdmux[0][5][31]$b$1793 [0] } = { 2'01 $memory\u_core.u_rom.mem$rdmux[0][5][31]$b$1793 [2:1] $memory\u_core.u_rom.mem$rdmux[0][5][31]$b$1793 [1] 1'1 $memory\u_core.u_rom.mem$rdmux[0][5][31]$b$1793 [1] 1'1 $memory\u_core.u_rom.mem$rdmux[0][5][31]$b$1793 [2] 1'0 }
    New ctrl vector for $pmux cell $flatten\u_core.$procmux$554: { \u_core.state [1] \u_core.state [5] \u_core.state [3] }
  Optimizing cells in module \ntt_top.
    Consolidated identical input bits for $mux cell $memory\u_core.u_rom.mem$rdmux[0][5][31]$1791:
      Old ports: A=$memory\u_core.u_rom.mem$rdmux[0][5][31]$a$1792, B=$memory\u_core.u_rom.mem$rdmux[0][5][31]$b$1793, Y=$memory\u_core.u_rom.mem$rdmux[0][4][15]$b$1697
      New ports: A={ 1'1 $memory\u_core.u_rom.mem$rdmux[0][5][31]$a$1792 [0] $memory\u_core.u_rom.mem$rdmux[0][5][31]$a$1792 [1] 1'1 $memory\u_core.u_rom.mem$rdmux[0][5][31]$a$1792 [1:0] }, B={ $memory\u_core.u_rom.mem$rdmux[0][5][31]$b$1793 [1] 2'11 $memory\u_core.u_rom.mem$rdmux[0][5][31]$b$1793 [2:1] 1'0 }, Y={ $memory\u_core.u_rom.mem$rdmux[0][4][15]$b$1697 [8] $memory\u_core.u_rom.mem$rdmux[0][4][15]$b$1697 [6] $memory\u_core.u_rom.mem$rdmux[0][4][15]$b$1697 [4] $memory\u_core.u_rom.mem$rdmux[0][4][15]$b$1697 [2:0] }
      New connections: { $memory\u_core.u_rom.mem$rdmux[0][4][15]$b$1697 [11:9] $memory\u_core.u_rom.mem$rdmux[0][4][15]$b$1697 [7] $memory\u_core.u_rom.mem$rdmux[0][4][15]$b$1697 [5] $memory\u_core.u_rom.mem$rdmux[0][4][15]$b$1697 [3] } = { 1'0 $memory\u_core.u_rom.mem$rdmux[0][4][15]$b$1697 [6] $memory\u_core.u_rom.mem$rdmux[0][4][15]$b$1697 [2:1] $memory\u_core.u_rom.mem$rdmux[0][4][15]$b$1697 [1] $memory\u_core.u_rom.mem$rdmux[0][4][15]$b$1697 [2] }
    Consolidated identical input bits for $mux cell $memory\u_core.u_rom.mem$rdmux[0][5][30]$1788:
      Old ports: A=$memory\u_core.u_rom.mem$rdmux[0][5][30]$a$1789, B=$memory\u_core.u_rom.mem$rdmux[0][5][30]$b$1790, Y=$memory\u_core.u_rom.mem$rdmux[0][4][15]$a$1696
      New ports: A={ 1'1 $memory\u_core.u_rom.mem$rdmux[0][5][30]$a$1789 [4:3] 1'0 $memory\u_core.u_rom.mem$rdmux[0][5][30]$a$1789 [4:3] 2'01 }, B={ 3'001 $memory\u_core.u_rom.mem$rdmux[0][5][30]$b$1790 [5] $memory\u_core.u_rom.mem$rdmux[0][5][30]$b$1790 [0] $memory\u_core.u_rom.mem$rdmux[0][5][30]$b$1790 [0] $memory\u_core.u_rom.mem$rdmux[0][5][30]$b$1790 [0] $memory\u_core.u_rom.mem$rdmux[0][5][30]$b$1790 [0] }, Y={ $memory\u_core.u_rom.mem$rdmux[0][4][15]$a$1696 [11:10] $memory\u_core.u_rom.mem$rdmux[0][4][15]$a$1696 [6:3] $memory\u_core.u_rom.mem$rdmux[0][4][15]$a$1696 [1:0] }
      New connections: { $memory\u_core.u_rom.mem$rdmux[0][4][15]$a$1696 [9:7] $memory\u_core.u_rom.mem$rdmux[0][4][15]$a$1696 [2] } = { $memory\u_core.u_rom.mem$rdmux[0][4][15]$a$1696 [6] $memory\u_core.u_rom.mem$rdmux[0][4][15]$a$1696 [6] 2'11 }
    Consolidated identical input bits for $mux cell $memory\u_core.u_rom.mem$rdmux[0][5][29]$1785:
      Old ports: A=$memory\u_core.u_rom.mem$rdmux[0][5][29]$a$1786, B=$memory\u_core.u_rom.mem$rdmux[0][5][29]$b$1787, Y=$memory\u_core.u_rom.mem$rdmux[0][4][14]$b$1694
      New ports: A={ $memory\u_core.u_rom.mem$rdmux[0][5][29]$a$1786 [5:4] $memory\u_core.u_rom.mem$rdmux[0][5][29]$a$1786 [5] $memory\u_core.u_rom.mem$rdmux[0][5][29]$a$1786 [5:4] 2'01 }, B={ $memory\u_core.u_rom.mem$rdmux[0][5][29]$b$1787 [0] 4'0101 $memory\u_core.u_rom.mem$rdmux[0][5][29]$b$1787 [2] $memory\u_core.u_rom.mem$rdmux[0][5][29]$b$1787 [0] }, Y={ $memory\u_core.u_rom.mem$rdmux[0][4][14]$b$1694 [11] $memory\u_core.u_rom.mem$rdmux[0][4][14]$b$1694 [9] $memory\u_core.u_rom.mem$rdmux[0][4][14]$b$1694 [7] $memory\u_core.u_rom.mem$rdmux[0][4][14]$b$1694 [5:4] $memory\u_core.u_rom.mem$rdmux[0][4][14]$b$1694 [2] $memory\u_core.u_rom.mem$rdmux[0][4][14]$b$1694 [0] }
      New connections: { $memory\u_core.u_rom.mem$rdmux[0][4][14]$b$1694 [10] $memory\u_core.u_rom.mem$rdmux[0][4][14]$b$1694 [8] $memory\u_core.u_rom.mem$rdmux[0][4][14]$b$1694 [6] $memory\u_core.u_rom.mem$rdmux[0][4][14]$b$1694 [3] $memory\u_core.u_rom.mem$rdmux[0][4][14]$b$1694 [1] } = { $memory\u_core.u_rom.mem$rdmux[0][4][14]$b$1694 [9] 1'1 $memory\u_core.u_rom.mem$rdmux[0][4][14]$b$1694 [2] 2'11 }
    Consolidated identical input bits for $mux cell $memory\u_core.u_rom.mem$rdmux[0][5][28]$1782:
      Old ports: A=$memory\u_core.u_rom.mem$rdmux[0][5][28]$a$1783, B=$memory\u_core.u_rom.mem$rdmux[0][5][28]$b$1784, Y=$memory\u_core.u_rom.mem$rdmux[0][4][14]$a$1693
      New ports: A={ $memory\u_core.u_rom.mem$rdmux[0][5][28]$a$1783 [5] $memory\u_core.u_rom.mem$rdmux[0][5][28]$a$1783 [0] $memory\u_core.u_rom.mem$rdmux[0][5][28]$a$1783 [5] 1'0 $memory\u_core.u_rom.mem$rdmux[0][5][28]$a$1783 [0] $memory\u_core.u_rom.mem$rdmux[0][5][28]$a$1783 [0] $memory\u_core.u_rom.mem$rdmux[0][5][28]$a$1783 [0] }, B={ $memory\u_core.u_rom.mem$rdmux[0][5][28]$b$1784 [0] $memory\u_core.u_rom.mem$rdmux[0][5][28]$b$1784 [3] 1'0 $memory\u_core.u_rom.mem$rdmux[0][5][28]$b$1784 [3] 2'01 $memory\u_core.u_rom.mem$rdmux[0][5][28]$b$1784 [0] }, Y={ $memory\u_core.u_rom.mem$rdmux[0][4][14]$a$1693 [11] $memory\u_core.u_rom.mem$rdmux[0][4][14]$a$1693 [8] $memory\u_core.u_rom.mem$rdmux[0][4][14]$a$1693 [5] $memory\u_core.u_rom.mem$rdmux[0][4][14]$a$1693 [3:0] }
      New connections: { $memory\u_core.u_rom.mem$rdmux[0][4][14]$a$1693 [10:9] $memory\u_core.u_rom.mem$rdmux[0][4][14]$a$1693 [7:6] $memory\u_core.u_rom.mem$rdmux[0][4][14]$a$1693 [4] } = { $memory\u_core.u_rom.mem$rdmux[0][4][14]$a$1693 [2] $memory\u_core.u_rom.mem$rdmux[0][4][14]$a$1693 [8] 1'0 $memory\u_core.u_rom.mem$rdmux[0][4][14]$a$1693 [5] $memory\u_core.u_rom.mem$rdmux[0][4][14]$a$1693 [3] }
    Consolidated identical input bits for $mux cell $memory\u_core.u_rom.mem$rdmux[0][5][27]$1779:
      Old ports: A=$memory\u_core.u_rom.mem$rdmux[0][5][27]$a$1780, B=$memory\u_core.u_rom.mem$rdmux[0][5][27]$b$1781, Y=$memory\u_core.u_rom.mem$rdmux[0][4][13]$b$1691
      New ports: A={ $memory\u_core.u_rom.mem$rdmux[0][5][27]$a$1780 [0] 3'011 $memory\u_core.u_rom.mem$rdmux[0][5][27]$a$1780 [3] $memory\u_core.u_rom.mem$rdmux[0][5][27]$a$1780 [0] $memory\u_core.u_rom.mem$rdmux[0][5][27]$a$1780 [0] }, B={ $memory\u_core.u_rom.mem$rdmux[0][5][27]$b$1781 [3] $memory\u_core.u_rom.mem$rdmux[0][5][27]$b$1781 [7] $memory\u_core.u_rom.mem$rdmux[0][5][27]$b$1781 [7] $memory\u_core.u_rom.mem$rdmux[0][5][27]$b$1781 [3] $memory\u_core.u_rom.mem$rdmux[0][5][27]$b$1781 [3] 2'10 }, Y={ $memory\u_core.u_rom.mem$rdmux[0][4][13]$b$1691 [11] $memory\u_core.u_rom.mem$rdmux[0][4][13]$b$1691 [9] $memory\u_core.u_rom.mem$rdmux[0][4][13]$b$1691 [7] $memory\u_core.u_rom.mem$rdmux[0][4][13]$b$1691 [4:3] $memory\u_core.u_rom.mem$rdmux[0][4][13]$b$1691 [1:0] }
      New connections: { $memory\u_core.u_rom.mem$rdmux[0][4][13]$b$1691 [10] $memory\u_core.u_rom.mem$rdmux[0][4][13]$b$1691 [8] $memory\u_core.u_rom.mem$rdmux[0][4][13]$b$1691 [6:5] $memory\u_core.u_rom.mem$rdmux[0][4][13]$b$1691 [2] } = { $memory\u_core.u_rom.mem$rdmux[0][4][13]$b$1691 [9] $memory\u_core.u_rom.mem$rdmux[0][4][13]$b$1691 [0] $memory\u_core.u_rom.mem$rdmux[0][4][13]$b$1691 [3] 2'01 }
    Consolidated identical input bits for $mux cell $memory\u_core.u_rom.mem$rdmux[0][5][26]$1776:
      Old ports: A=$memory\u_core.u_rom.mem$rdmux[0][5][26]$a$1777, B=$memory\u_core.u_rom.mem$rdmux[0][5][26]$b$1778, Y=$memory\u_core.u_rom.mem$rdmux[0][4][13]$a$1690
      New ports: A={ 1'1 $memory\u_core.u_rom.mem$rdmux[0][5][26]$a$1777 [0] 2'00 $memory\u_core.u_rom.mem$rdmux[0][5][26]$a$1777 [0] $memory\u_core.u_rom.mem$rdmux[0][5][26]$a$1777 [1:0] }, B={ 2'01 $memory\u_core.u_rom.mem$rdmux[0][5][26]$b$1778 [3] 1'1 $memory\u_core.u_rom.mem$rdmux[0][5][26]$b$1778 [3] 2'10 }, Y={ $memory\u_core.u_rom.mem$rdmux[0][4][13]$a$1690 [11:10] $memory\u_core.u_rom.mem$rdmux[0][4][13]$a$1690 [8:7] $memory\u_core.u_rom.mem$rdmux[0][4][13]$a$1690 [3] $memory\u_core.u_rom.mem$rdmux[0][4][13]$a$1690 [1:0] }
      New connections: { $memory\u_core.u_rom.mem$rdmux[0][4][13]$a$1690 [9] $memory\u_core.u_rom.mem$rdmux[0][4][13]$a$1690 [6:4] $memory\u_core.u_rom.mem$rdmux[0][4][13]$a$1690 [2] } = { $memory\u_core.u_rom.mem$rdmux[0][4][13]$a$1690 [8] 1'1 $memory\u_core.u_rom.mem$rdmux[0][4][13]$a$1690 [0] $memory\u_core.u_rom.mem$rdmux[0][4][13]$a$1690 [0] 1'0 }
    Consolidated identical input bits for $mux cell $memory\u_core.u_rom.mem$rdmux[0][5][25]$1773:
      Old ports: A=$memory\u_core.u_rom.mem$rdmux[0][5][25]$a$1774, B=$memory\u_core.u_rom.mem$rdmux[0][5][25]$b$1775, Y=$memory\u_core.u_rom.mem$rdmux[0][4][12]$b$1688
      New ports: A={ $memory\u_core.u_rom.mem$rdmux[0][5][25]$a$1774 [2] $memory\u_core.u_rom.mem$rdmux[0][5][25]$a$1774 [2] 2'11 $memory\u_core.u_rom.mem$rdmux[0][5][25]$a$1774 [2:1] }, B={ $memory\u_core.u_rom.mem$rdmux[0][5][25]$b$1775 [7] $memory\u_core.u_rom.mem$rdmux[0][5][25]$b$1775 [3] 1'0 $memory\u_core.u_rom.mem$rdmux[0][5][25]$b$1775 [3] 2'00 }, Y={ $memory\u_core.u_rom.mem$rdmux[0][4][12]$b$1688 [7:5] $memory\u_core.u_rom.mem$rdmux[0][4][12]$b$1688 [3:1] }
      New connections: { $memory\u_core.u_rom.mem$rdmux[0][4][12]$b$1688 [11:8] $memory\u_core.u_rom.mem$rdmux[0][4][12]$b$1688 [4] $memory\u_core.u_rom.mem$rdmux[0][4][12]$b$1688 [0] } = { 1'0 $memory\u_core.u_rom.mem$rdmux[0][4][12]$b$1688 [3] $memory\u_core.u_rom.mem$rdmux[0][4][12]$b$1688 [6] 1'1 $memory\u_core.u_rom.mem$rdmux[0][4][12]$b$1688 [2] 1'0 }
    Consolidated identical input bits for $mux cell $memory\u_core.u_rom.mem$rdmux[0][5][24]$1770:
      Old ports: A=$memory\u_core.u_rom.mem$rdmux[0][5][24]$a$1771, B=$memory\u_core.u_rom.mem$rdmux[0][5][24]$b$1772, Y=$memory\u_core.u_rom.mem$rdmux[0][4][12]$a$1687
      New ports: A={ $memory\u_core.u_rom.mem$rdmux[0][5][24]$a$1771 [3] $memory\u_core.u_rom.mem$rdmux[0][5][24]$a$1771 [4] $memory\u_core.u_rom.mem$rdmux[0][5][24]$a$1771 [4:3] $memory\u_core.u_rom.mem$rdmux[0][5][24]$a$1771 [4] $memory\u_core.u_rom.mem$rdmux[0][5][24]$a$1771 [4:3] 2'01 }, B={ 4'0101 $memory\u_core.u_rom.mem$rdmux[0][5][24]$b$1772 [5] $memory\u_core.u_rom.mem$rdmux[0][5][24]$b$1772 [0] $memory\u_core.u_rom.mem$rdmux[0][5][24]$b$1772 [0] 1'1 $memory\u_core.u_rom.mem$rdmux[0][5][24]$b$1772 [0] }, Y={ $memory\u_core.u_rom.mem$rdmux[0][4][12]$a$1687 [10:8] $memory\u_core.u_rom.mem$rdmux[0][4][12]$a$1687 [6:3] $memory\u_core.u_rom.mem$rdmux[0][4][12]$a$1687 [1:0] }
      New connections: { $memory\u_core.u_rom.mem$rdmux[0][4][12]$a$1687 [11] $memory\u_core.u_rom.mem$rdmux[0][4][12]$a$1687 [7] $memory\u_core.u_rom.mem$rdmux[0][4][12]$a$1687 [2] } = 3'000
    Consolidated identical input bits for $mux cell $memory\u_core.u_rom.mem$rdmux[0][5][23]$1767:
      Old ports: A=$memory\u_core.u_rom.mem$rdmux[0][5][23]$a$1768, B=$memory\u_core.u_rom.mem$rdmux[0][5][23]$b$1769, Y=$memory\u_core.u_rom.mem$rdmux[0][4][11]$b$1685
      New ports: A={ 1'1 $memory\u_core.u_rom.mem$rdmux[0][5][23]$a$1768 [1] 1'0 $memory\u_core.u_rom.mem$rdmux[0][5][23]$a$1768 [0] 1'0 $memory\u_core.u_rom.mem$rdmux[0][5][23]$a$1768 [1:0] }, B={ 2'01 $memory\u_core.u_rom.mem$rdmux[0][5][23]$b$1769 [1] 2'01 $memory\u_core.u_rom.mem$rdmux[0][5][23]$b$1769 [1:0] }, Y={ $memory\u_core.u_rom.mem$rdmux[0][4][11]$b$1685 [8] $memory\u_core.u_rom.mem$rdmux[0][4][11]$b$1685 [5:0] }
      New connections: { $memory\u_core.u_rom.mem$rdmux[0][4][11]$b$1685 [11:9] $memory\u_core.u_rom.mem$rdmux[0][4][11]$b$1685 [7:6] } = { $memory\u_core.u_rom.mem$rdmux[0][4][11]$b$1685 [2] $memory\u_core.u_rom.mem$rdmux[0][4][11]$b$1685 [2] 1'0 $memory\u_core.u_rom.mem$rdmux[0][4][11]$b$1685 [1:0] }
    Consolidated identical input bits for $mux cell $memory\u_core.u_rom.mem$rdmux[0][5][22]$1764:
      Old ports: A=$memory\u_core.u_rom.mem$rdmux[0][5][22]$a$1765, B=$memory\u_core.u_rom.mem$rdmux[0][5][22]$b$1766, Y=$memory\u_core.u_rom.mem$rdmux[0][4][11]$a$1684
      New ports: A={ 3'011 $memory\u_core.u_rom.mem$rdmux[0][5][22]$a$1765 [0] 1'0 $memory\u_core.u_rom.mem$rdmux[0][5][22]$a$1765 [2] $memory\u_core.u_rom.mem$rdmux[0][5][22]$a$1765 [0] $memory\u_core.u_rom.mem$rdmux[0][5][22]$a$1765 [0] }, B={ $memory\u_core.u_rom.mem$rdmux[0][5][22]$b$1766 [7] 1'0 $memory\u_core.u_rom.mem$rdmux[0][5][22]$b$1766 [7] $memory\u_core.u_rom.mem$rdmux[0][5][22]$b$1766 [2] 1'1 $memory\u_core.u_rom.mem$rdmux[0][5][22]$b$1766 [2] 2'01 }, Y={ $memory\u_core.u_rom.mem$rdmux[0][4][11]$a$1684 [11] $memory\u_core.u_rom.mem$rdmux[0][4][11]$a$1684 [9] $memory\u_core.u_rom.mem$rdmux[0][4][11]$a$1684 [7:6] $memory\u_core.u_rom.mem$rdmux[0][4][11]$a$1684 [4] $memory\u_core.u_rom.mem$rdmux[0][4][11]$a$1684 [2:0] }
      New connections: { $memory\u_core.u_rom.mem$rdmux[0][4][11]$a$1684 [10] $memory\u_core.u_rom.mem$rdmux[0][4][11]$a$1684 [8] $memory\u_core.u_rom.mem$rdmux[0][4][11]$a$1684 [5] $memory\u_core.u_rom.mem$rdmux[0][4][11]$a$1684 [3] } = { $memory\u_core.u_rom.mem$rdmux[0][4][11]$a$1684 [1] $memory\u_core.u_rom.mem$rdmux[0][4][11]$a$1684 [4] 1'0 $memory\u_core.u_rom.mem$rdmux[0][4][11]$a$1684 [0] }
    Consolidated identical input bits for $mux cell $memory\u_core.u_rom.mem$rdmux[0][5][21]$1761:
      Old ports: A=$memory\u_core.u_rom.mem$rdmux[0][5][21]$a$1762, B=$memory\u_core.u_rom.mem$rdmux[0][5][21]$b$1763, Y=$memory\u_core.u_rom.mem$rdmux[0][4][10]$b$1682
      New ports: A={ $memory\u_core.u_rom.mem$rdmux[0][5][21]$a$1762 [0] 3'011 $memory\u_core.u_rom.mem$rdmux[0][5][21]$a$1762 [4] $memory\u_core.u_rom.mem$rdmux[0][5][21]$a$1762 [4] 2'10 $memory\u_core.u_rom.mem$rdmux[0][5][21]$a$1762 [0] }, B={ $memory\u_core.u_rom.mem$rdmux[0][5][21]$b$1763 [3] $memory\u_core.u_rom.mem$rdmux[0][5][21]$b$1763 [5] 1'0 $memory\u_core.u_rom.mem$rdmux[0][5][21]$b$1763 [5] $memory\u_core.u_rom.mem$rdmux[0][5][21]$b$1763 [5] $memory\u_core.u_rom.mem$rdmux[0][5][21]$b$1763 [3] $memory\u_core.u_rom.mem$rdmux[0][5][21]$b$1763 [3] 2'11 }, Y={ $memory\u_core.u_rom.mem$rdmux[0][4][10]$b$1682 [10:7] $memory\u_core.u_rom.mem$rdmux[0][4][10]$b$1682 [5:2] $memory\u_core.u_rom.mem$rdmux[0][4][10]$b$1682 [0] }
      New connections: { $memory\u_core.u_rom.mem$rdmux[0][4][10]$b$1682 [11] $memory\u_core.u_rom.mem$rdmux[0][4][10]$b$1682 [6] $memory\u_core.u_rom.mem$rdmux[0][4][10]$b$1682 [1] } = { $memory\u_core.u_rom.mem$rdmux[0][4][10]$b$1682 [5] $memory\u_core.u_rom.mem$rdmux[0][4][10]$b$1682 [3] $memory\u_core.u_rom.mem$rdmux[0][4][10]$b$1682 [0] }
    Consolidated identical input bits for $mux cell $memory\u_core.u_rom.mem$rdmux[0][5][20]$1758:
      Old ports: A=$memory\u_core.u_rom.mem$rdmux[0][5][20]$a$1759, B=$memory\u_core.u_rom.mem$rdmux[0][5][20]$b$1760, Y=$memory\u_core.u_rom.mem$rdmux[0][4][10]$a$1681
      New ports: A={ $memory\u_core.u_rom.mem$rdmux[0][5][20]$a$1759 [0] $memory\u_core.u_rom.mem$rdmux[0][5][20]$a$1759 [0] $memory\u_core.u_rom.mem$rdmux[0][5][20]$a$1759 [8] 4'0010 $memory\u_core.u_rom.mem$rdmux[0][5][20]$a$1759 [0] }, B={ $memory\u_core.u_rom.mem$rdmux[0][5][20]$b$1760 [3] 2'10 $memory\u_core.u_rom.mem$rdmux[0][5][20]$b$1760 [0] $memory\u_core.u_rom.mem$rdmux[0][5][20]$b$1760 [3] $memory\u_core.u_rom.mem$rdmux[0][5][20]$b$1760 [3] 1'1 $memory\u_core.u_rom.mem$rdmux[0][5][20]$b$1760 [0] }, Y={ $memory\u_core.u_rom.mem$rdmux[0][4][10]$a$1681 [11:10] $memory\u_core.u_rom.mem$rdmux[0][4][10]$a$1681 [8:7] $memory\u_core.u_rom.mem$rdmux[0][4][10]$a$1681 [5] $memory\u_core.u_rom.mem$rdmux[0][4][10]$a$1681 [3:2] $memory\u_core.u_rom.mem$rdmux[0][4][10]$a$1681 [0] }
      New connections: { $memory\u_core.u_rom.mem$rdmux[0][4][10]$a$1681 [9] $memory\u_core.u_rom.mem$rdmux[0][4][10]$a$1681 [6] $memory\u_core.u_rom.mem$rdmux[0][4][10]$a$1681 [4] $memory\u_core.u_rom.mem$rdmux[0][4][10]$a$1681 [1] } = { $memory\u_core.u_rom.mem$rdmux[0][4][10]$a$1681 [8] $memory\u_core.u_rom.mem$rdmux[0][4][10]$a$1681 [5] 2'01 }
    Consolidated identical input bits for $mux cell $memory\u_core.u_rom.mem$rdmux[0][5][19]$1755:
      Old ports: A=$memory\u_core.u_rom.mem$rdmux[0][5][19]$a$1756, B=$memory\u_core.u_rom.mem$rdmux[0][5][19]$b$1757, Y=$memory\u_core.u_rom.mem$rdmux[0][4][9]$b$1679
      New ports: A={ 2'01 $memory\u_core.u_rom.mem$rdmux[0][5][19]$a$1756 [1:0] 1'1 $memory\u_core.u_rom.mem$rdmux[0][5][19]$a$1756 [1] $memory\u_core.u_rom.mem$rdmux[0][5][19]$a$1756 [1:0] }, B={ 2'10 $memory\u_core.u_rom.mem$rdmux[0][5][19]$b$1757 [0] 1'1 $memory\u_core.u_rom.mem$rdmux[0][5][19]$b$1757 [0] 1'0 $memory\u_core.u_rom.mem$rdmux[0][5][19]$b$1757 [1:0] }, Y={ $memory\u_core.u_rom.mem$rdmux[0][4][9]$b$1679 [10] $memory\u_core.u_rom.mem$rdmux[0][4][9]$b$1679 [8] $memory\u_core.u_rom.mem$rdmux[0][4][9]$b$1679 [6:3] $memory\u_core.u_rom.mem$rdmux[0][4][9]$b$1679 [1:0] }
      New connections: { $memory\u_core.u_rom.mem$rdmux[0][4][9]$b$1679 [11] $memory\u_core.u_rom.mem$rdmux[0][4][9]$b$1679 [9] $memory\u_core.u_rom.mem$rdmux[0][4][9]$b$1679 [7] $memory\u_core.u_rom.mem$rdmux[0][4][9]$b$1679 [2] } = { $memory\u_core.u_rom.mem$rdmux[0][4][9]$b$1679 [8] 1'1 $memory\u_core.u_rom.mem$rdmux[0][4][9]$b$1679 [3] 1'1 }
    Consolidated identical input bits for $mux cell $memory\u_core.u_rom.mem$rdmux[0][5][18]$1752:
      Old ports: A=$memory\u_core.u_rom.mem$rdmux[0][5][18]$a$1753, B=$memory\u_core.u_rom.mem$rdmux[0][5][18]$b$1754, Y=$memory\u_core.u_rom.mem$rdmux[0][4][9]$a$1678
      New ports: A={ 1'0 $memory\u_core.u_rom.mem$rdmux[0][5][18]$a$1753 [2] $memory\u_core.u_rom.mem$rdmux[0][5][18]$a$1753 [2] 1'0 $memory\u_core.u_rom.mem$rdmux[0][5][18]$a$1753 [0] $memory\u_core.u_rom.mem$rdmux[0][5][18]$a$1753 [2] 1'1 $memory\u_core.u_rom.mem$rdmux[0][5][18]$a$1753 [0] }, B={ $memory\u_core.u_rom.mem$rdmux[0][5][18]$b$1754 [1] 1'0 $memory\u_core.u_rom.mem$rdmux[0][5][18]$b$1754 [0] 2'10 $memory\u_core.u_rom.mem$rdmux[0][5][18]$b$1754 [1] $memory\u_core.u_rom.mem$rdmux[0][5][18]$b$1754 [1:0] }, Y={ $memory\u_core.u_rom.mem$rdmux[0][4][9]$a$1678 [10] $memory\u_core.u_rom.mem$rdmux[0][4][9]$a$1678 [8] $memory\u_core.u_rom.mem$rdmux[0][4][9]$a$1678 [5:0] }
      New connections: { $memory\u_core.u_rom.mem$rdmux[0][4][9]$a$1678 [11] $memory\u_core.u_rom.mem$rdmux[0][4][9]$a$1678 [9] $memory\u_core.u_rom.mem$rdmux[0][4][9]$a$1678 [7:6] } = { $memory\u_core.u_rom.mem$rdmux[0][4][9]$a$1678 [10] $memory\u_core.u_rom.mem$rdmux[0][4][9]$a$1678 [3] $memory\u_core.u_rom.mem$rdmux[0][4][9]$a$1678 [5] $memory\u_core.u_rom.mem$rdmux[0][4][9]$a$1678 [3] }
    Consolidated identical input bits for $mux cell $memory\u_core.u_rom.mem$rdmux[0][5][17]$1749:
      Old ports: A=$memory\u_core.u_rom.mem$rdmux[0][5][17]$a$1750, B=$memory\u_core.u_rom.mem$rdmux[0][5][17]$b$1751, Y=$memory\u_core.u_rom.mem$rdmux[0][4][8]$b$1676
      New ports: A={ 1'0 $memory\u_core.u_rom.mem$rdmux[0][5][17]$a$1750 [0] $memory\u_core.u_rom.mem$rdmux[0][5][17]$a$1750 [0] $memory\u_core.u_rom.mem$rdmux[0][5][17]$a$1750 [3] $memory\u_core.u_rom.mem$rdmux[0][5][17]$a$1750 [3] 1'1 $memory\u_core.u_rom.mem$rdmux[0][5][17]$a$1750 [0] }, B={ $memory\u_core.u_rom.mem$rdmux[0][5][17]$b$1751 [1] $memory\u_core.u_rom.mem$rdmux[0][5][17]$b$1751 [1] 3'001 $memory\u_core.u_rom.mem$rdmux[0][5][17]$b$1751 [1:0] }, Y={ $memory\u_core.u_rom.mem$rdmux[0][4][8]$b$1676 [10:8] $memory\u_core.u_rom.mem$rdmux[0][4][8]$b$1676 [4:3] $memory\u_core.u_rom.mem$rdmux[0][4][8]$b$1676 [1:0] }
      New connections: { $memory\u_core.u_rom.mem$rdmux[0][4][8]$b$1676 [11] $memory\u_core.u_rom.mem$rdmux[0][4][8]$b$1676 [7:5] $memory\u_core.u_rom.mem$rdmux[0][4][8]$b$1676 [2] } = { $memory\u_core.u_rom.mem$rdmux[0][4][8]$b$1676 [4] 1'0 $memory\u_core.u_rom.mem$rdmux[0][4][8]$b$1676 [0] $memory\u_core.u_rom.mem$rdmux[0][4][8]$b$1676 [0] $memory\u_core.u_rom.mem$rdmux[0][4][8]$b$1676 [1] }
    Consolidated identical input bits for $mux cell $memory\u_core.u_rom.mem$rdmux[0][5][16]$1746:
      Old ports: A=$memory\u_core.u_rom.mem$rdmux[0][5][16]$a$1747, B=$memory\u_core.u_rom.mem$rdmux[0][5][16]$b$1748, Y=$memory\u_core.u_rom.mem$rdmux[0][4][8]$a$1675
      New ports: A={ $memory\u_core.u_rom.mem$rdmux[0][5][16]$a$1747 [2] 3'101 $memory\u_core.u_rom.mem$rdmux[0][5][16]$a$1747 [4] $memory\u_core.u_rom.mem$rdmux[0][5][16]$a$1747 [2] $memory\u_core.u_rom.mem$rdmux[0][5][16]$a$1747 [2] 1'0 }, B={ $memory\u_core.u_rom.mem$rdmux[0][5][16]$b$1748 [6] 1'0 $memory\u_core.u_rom.mem$rdmux[0][5][16]$b$1748 [6:5] 4'0101 }, Y={ $memory\u_core.u_rom.mem$rdmux[0][4][8]$a$1675 [8:2] $memory\u_core.u_rom.mem$rdmux[0][4][8]$a$1675 [0] }
      New connections: { $memory\u_core.u_rom.mem$rdmux[0][4][8]$a$1675 [11:9] $memory\u_core.u_rom.mem$rdmux[0][4][8]$a$1675 [1] } = { $memory\u_core.u_rom.mem$rdmux[0][4][8]$a$1675 [4] 1'0 $memory\u_core.u_rom.mem$rdmux[0][4][8]$a$1675 [0] 1'1 }
    Consolidated identical input bits for $mux cell $memory\u_core.u_rom.mem$rdmux[0][5][15]$1743:
      Old ports: A=$memory\u_core.u_rom.mem$rdmux[0][5][15]$a$1744, B=$memory\u_core.u_rom.mem$rdmux[0][5][15]$b$1745, Y=$memory\u_core.u_rom.mem$rdmux[0][4][7]$b$1673
      New ports: A={ $memory\u_core.u_rom.mem$rdmux[0][5][15]$a$1744 [3] $memory\u_core.u_rom.mem$rdmux[0][5][15]$a$1744 [8] 2'11 $memory\u_core.u_rom.mem$rdmux[0][5][15]$a$1744 [3] 3'000 }, B={ $memory\u_core.u_rom.mem$rdmux[0][5][15]$b$1745 [1] 1'0 $memory\u_core.u_rom.mem$rdmux[0][5][15]$b$1745 [0] 3'001 $memory\u_core.u_rom.mem$rdmux[0][5][15]$b$1745 [1:0] }, Y={ $memory\u_core.u_rom.mem$rdmux[0][4][7]$b$1673 [11] $memory\u_core.u_rom.mem$rdmux[0][4][7]$b$1673 [8:6] $memory\u_core.u_rom.mem$rdmux[0][4][7]$b$1673 [3:0] }
      New connections: { $memory\u_core.u_rom.mem$rdmux[0][4][7]$b$1673 [10:9] $memory\u_core.u_rom.mem$rdmux[0][4][7]$b$1673 [5:4] } = { 1'0 $memory\u_core.u_rom.mem$rdmux[0][4][7]$b$1673 [0] $memory\u_core.u_rom.mem$rdmux[0][4][7]$b$1673 [0] $memory\u_core.u_rom.mem$rdmux[0][4][7]$b$1673 [3] }
    Consolidated identical input bits for $mux cell $memory\u_core.u_rom.mem$rdmux[0][5][14]$1740:
      Old ports: A=$memory\u_core.u_rom.mem$rdmux[0][5][14]$a$1741, B=$memory\u_core.u_rom.mem$rdmux[0][5][14]$b$1742, Y=$memory\u_core.u_rom.mem$rdmux[0][4][7]$a$1672
      New ports: A={ 1'0 $memory\u_core.u_rom.mem$rdmux[0][5][14]$a$1741 [7] 1'1 $memory\u_core.u_rom.mem$rdmux[0][5][14]$a$1741 [1] $memory\u_core.u_rom.mem$rdmux[0][5][14]$a$1741 [1] 1'0 $memory\u_core.u_rom.mem$rdmux[0][5][14]$a$1741 [1] 1'1 }, B={ $memory\u_core.u_rom.mem$rdmux[0][5][14]$b$1742 [0] 2'00 $memory\u_core.u_rom.mem$rdmux[0][5][14]$b$1742 [5] $memory\u_core.u_rom.mem$rdmux[0][5][14]$b$1742 [0] 2'10 $memory\u_core.u_rom.mem$rdmux[0][5][14]$b$1742 [0] }, Y={ $memory\u_core.u_rom.mem$rdmux[0][4][7]$a$1672 [10] $memory\u_core.u_rom.mem$rdmux[0][4][7]$a$1672 [7:4] $memory\u_core.u_rom.mem$rdmux[0][4][7]$a$1672 [2:0] }
      New connections: { $memory\u_core.u_rom.mem$rdmux[0][4][7]$a$1672 [11] $memory\u_core.u_rom.mem$rdmux[0][4][7]$a$1672 [9:8] $memory\u_core.u_rom.mem$rdmux[0][4][7]$a$1672 [3] } = { $memory\u_core.u_rom.mem$rdmux[0][4][7]$a$1672 [5] 1'1 $memory\u_core.u_rom.mem$rdmux[0][4][7]$a$1672 [0] $memory\u_core.u_rom.mem$rdmux[0][4][7]$a$1672 [2] }
    Consolidated identical input bits for $mux cell $memory\u_core.u_rom.mem$rdmux[0][5][13]$1737:
      Old ports: A=$memory\u_core.u_rom.mem$rdmux[0][5][13]$a$1738, B=$memory\u_core.u_rom.mem$rdmux[0][5][13]$b$1739, Y=$memory\u_core.u_rom.mem$rdmux[0][4][6]$b$1670
      New ports: A={ 1'0 $memory\u_core.u_rom.mem$rdmux[0][5][13]$a$1738 [2] $memory\u_core.u_rom.mem$rdmux[0][5][13]$a$1738 [2] 2'11 $memory\u_core.u_rom.mem$rdmux[0][5][13]$a$1738 [2] $memory\u_core.u_rom.mem$rdmux[0][5][13]$a$1738 [0] $memory\u_core.u_rom.mem$rdmux[0][5][13]$a$1738 [0] }, B={ 1'1 $memory\u_core.u_rom.mem$rdmux[0][5][13]$b$1739 [10] $memory\u_core.u_rom.mem$rdmux[0][5][13]$b$1739 [6] $memory\u_core.u_rom.mem$rdmux[0][5][13]$b$1739 [6] 4'0010 }, Y={ $memory\u_core.u_rom.mem$rdmux[0][4][6]$b$1670 [11:10] $memory\u_core.u_rom.mem$rdmux[0][4][6]$b$1670 [8] $memory\u_core.u_rom.mem$rdmux[0][4][6]$b$1670 [6:5] $memory\u_core.u_rom.mem$rdmux[0][4][6]$b$1670 [2:0] }
      New connections: { $memory\u_core.u_rom.mem$rdmux[0][4][6]$b$1670 [9] $memory\u_core.u_rom.mem$rdmux[0][4][6]$b$1670 [7] $memory\u_core.u_rom.mem$rdmux[0][4][6]$b$1670 [4:3] } = { $memory\u_core.u_rom.mem$rdmux[0][4][6]$b$1670 [2] 1'0 $memory\u_core.u_rom.mem$rdmux[0][4][6]$b$1670 [2:1] }
    Consolidated identical input bits for $mux cell $memory\u_core.u_rom.mem$rdmux[0][5][12]$1734:
      Old ports: A=$memory\u_core.u_rom.mem$rdmux[0][5][12]$a$1735, B=$memory\u_core.u_rom.mem$rdmux[0][5][12]$b$1736, Y=$memory\u_core.u_rom.mem$rdmux[0][4][6]$a$1669
      New ports: A={ $memory\u_core.u_rom.mem$rdmux[0][5][12]$a$1735 [3] 3'100 $memory\u_core.u_rom.mem$rdmux[0][5][12]$a$1735 [3] 1'1 $memory\u_core.u_rom.mem$rdmux[0][5][12]$a$1735 [0] $memory\u_core.u_rom.mem$rdmux[0][5][12]$a$1735 [0] }, B={ 1'1 $memory\u_core.u_rom.mem$rdmux[0][5][12]$b$1736 [6] $memory\u_core.u_rom.mem$rdmux[0][5][12]$b$1736 [6] 1'1 $memory\u_core.u_rom.mem$rdmux[0][5][12]$b$1736 [2] $memory\u_core.u_rom.mem$rdmux[0][5][12]$b$1736 [2] 2'10 }, Y={ $memory\u_core.u_rom.mem$rdmux[0][4][6]$a$1669 [8:6] $memory\u_core.u_rom.mem$rdmux[0][4][6]$a$1669 [4:0] }
      New connections: { $memory\u_core.u_rom.mem$rdmux[0][4][6]$a$1669 [11:9] $memory\u_core.u_rom.mem$rdmux[0][4][6]$a$1669 [5] } = { $memory\u_core.u_rom.mem$rdmux[0][4][6]$a$1669 [7] $memory\u_core.u_rom.mem$rdmux[0][4][6]$a$1669 [0] $memory\u_core.u_rom.mem$rdmux[0][4][6]$a$1669 [4] 1'1 }
    Consolidated identical input bits for $mux cell $memory\u_core.u_rom.mem$rdmux[0][5][11]$1731:
      Old ports: A=$memory\u_core.u_rom.mem$rdmux[0][5][11]$a$1732, B=$memory\u_core.u_rom.mem$rdmux[0][5][11]$b$1733, Y=$memory\u_core.u_rom.mem$rdmux[0][4][5]$b$1667
      New ports: A={ $memory\u_core.u_rom.mem$rdmux[0][5][11]$a$1732 [4:3] 1'0 $memory\u_core.u_rom.mem$rdmux[0][5][11]$a$1732 [3] $memory\u_core.u_rom.mem$rdmux[0][5][11]$a$1732 [4] $memory\u_core.u_rom.mem$rdmux[0][5][11]$a$1732 [4:3] 2'11 }, B={ 2'00 $memory\u_core.u_rom.mem$rdmux[0][5][11]$b$1733 [0] $memory\u_core.u_rom.mem$rdmux[0][5][11]$b$1733 [0] $memory\u_core.u_rom.mem$rdmux[0][5][11]$b$1733 [1] 2'11 $memory\u_core.u_rom.mem$rdmux[0][5][11]$b$1733 [1:0] }, Y={ $memory\u_core.u_rom.mem$rdmux[0][4][5]$b$1667 [11] $memory\u_core.u_rom.mem$rdmux[0][4][5]$b$1667 [9:6] $memory\u_core.u_rom.mem$rdmux[0][4][5]$b$1667 [4:3] $memory\u_core.u_rom.mem$rdmux[0][4][5]$b$1667 [1:0] }
      New connections: { $memory\u_core.u_rom.mem$rdmux[0][4][5]$b$1667 [10] $memory\u_core.u_rom.mem$rdmux[0][4][5]$b$1667 [5] $memory\u_core.u_rom.mem$rdmux[0][4][5]$b$1667 [2] } = { $memory\u_core.u_rom.mem$rdmux[0][4][5]$b$1667 [7] 2'11 }
    Consolidated identical input bits for $mux cell $memory\u_core.u_rom.mem$rdmux[0][5][10]$1728:
      Old ports: A=$memory\u_core.u_rom.mem$rdmux[0][5][10]$a$1729, B=$memory\u_core.u_rom.mem$rdmux[0][5][10]$b$1730, Y=$memory\u_core.u_rom.mem$rdmux[0][4][5]$a$1666
      New ports: A={ $memory\u_core.u_rom.mem$rdmux[0][5][10]$a$1729 [2] 1'0 $memory\u_core.u_rom.mem$rdmux[0][5][10]$a$1729 [0] $memory\u_core.u_rom.mem$rdmux[0][5][10]$a$1729 [0] $memory\u_core.u_rom.mem$rdmux[0][5][10]$a$1729 [0] $memory\u_core.u_rom.mem$rdmux[0][5][10]$a$1729 [2] 1'0 $memory\u_core.u_rom.mem$rdmux[0][5][10]$a$1729 [0] }, B={ 1'1 $memory\u_core.u_rom.mem$rdmux[0][5][10]$b$1730 [7] $memory\u_core.u_rom.mem$rdmux[0][5][10]$b$1730 [7] $memory\u_core.u_rom.mem$rdmux[0][5][10]$b$1730 [1] 1'0 $memory\u_core.u_rom.mem$rdmux[0][5][10]$b$1730 [1] $memory\u_core.u_rom.mem$rdmux[0][5][10]$b$1730 [1] 1'1 }, Y={ $memory\u_core.u_rom.mem$rdmux[0][4][5]$a$1666 [9:7] $memory\u_core.u_rom.mem$rdmux[0][4][5]$a$1666 [5] $memory\u_core.u_rom.mem$rdmux[0][4][5]$a$1666 [3:0] }
      New connections: { $memory\u_core.u_rom.mem$rdmux[0][4][5]$a$1666 [11:10] $memory\u_core.u_rom.mem$rdmux[0][4][5]$a$1666 [6] $memory\u_core.u_rom.mem$rdmux[0][4][5]$a$1666 [4] } = { $memory\u_core.u_rom.mem$rdmux[0][4][5]$a$1666 [0] $memory\u_core.u_rom.mem$rdmux[0][4][5]$a$1666 [3] $memory\u_core.u_rom.mem$rdmux[0][4][5]$a$1666 [0] $memory\u_core.u_rom.mem$rdmux[0][4][5]$a$1666 [3] }
    Consolidated identical input bits for $mux cell $memory\u_core.u_rom.mem$rdmux[0][5][9]$1725:
      Old ports: A=$memory\u_core.u_rom.mem$rdmux[0][5][9]$a$1726, B=$memory\u_core.u_rom.mem$rdmux[0][5][9]$b$1727, Y=$memory\u_core.u_rom.mem$rdmux[0][4][4]$b$1664
      New ports: A={ 2'01 $memory\u_core.u_rom.mem$rdmux[0][5][9]$a$1726 [2] 2'10 $memory\u_core.u_rom.mem$rdmux[0][5][9]$a$1726 [2] $memory\u_core.u_rom.mem$rdmux[0][5][9]$a$1726 [0] $memory\u_core.u_rom.mem$rdmux[0][5][9]$a$1726 [0] }, B={ $memory\u_core.u_rom.mem$rdmux[0][5][9]$b$1727 [1] $memory\u_core.u_rom.mem$rdmux[0][5][9]$b$1727 [1] 1'1 $memory\u_core.u_rom.mem$rdmux[0][5][9]$b$1727 [3] $memory\u_core.u_rom.mem$rdmux[0][5][9]$b$1727 [3] $memory\u_core.u_rom.mem$rdmux[0][5][9]$b$1727 [1] $memory\u_core.u_rom.mem$rdmux[0][5][9]$b$1727 [1] 1'1 }, Y={ $memory\u_core.u_rom.mem$rdmux[0][4][4]$b$1664 [11] $memory\u_core.u_rom.mem$rdmux[0][4][4]$b$1664 [8] $memory\u_core.u_rom.mem$rdmux[0][4][4]$b$1664 [5:0] }
      New connections: { $memory\u_core.u_rom.mem$rdmux[0][4][4]$b$1664 [10:9] $memory\u_core.u_rom.mem$rdmux[0][4][4]$b$1664 [7:6] } = { $memory\u_core.u_rom.mem$rdmux[0][4][4]$b$1664 [4] $memory\u_core.u_rom.mem$rdmux[0][4][4]$b$1664 [5] 2'11 }
    Consolidated identical input bits for $mux cell $memory\u_core.u_rom.mem$rdmux[0][5][8]$1722:
      Old ports: A=$memory\u_core.u_rom.mem$rdmux[0][5][8]$a$1723, B=$memory\u_core.u_rom.mem$rdmux[0][5][8]$b$1724, Y=$memory\u_core.u_rom.mem$rdmux[0][4][4]$a$1663
      New ports: A={ 1'0 $memory\u_core.u_rom.mem$rdmux[0][5][8]$a$1723 [0] $memory\u_core.u_rom.mem$rdmux[0][5][8]$a$1723 [3] 2'00 $memory\u_core.u_rom.mem$rdmux[0][5][8]$a$1723 [3] 1'1 $memory\u_core.u_rom.mem$rdmux[0][5][8]$a$1723 [0] $memory\u_core.u_rom.mem$rdmux[0][5][8]$a$1723 [0] }, B={ $memory\u_core.u_rom.mem$rdmux[0][5][8]$b$1724 [3] 2'01 $memory\u_core.u_rom.mem$rdmux[0][5][8]$b$1724 [1] 1'1 $memory\u_core.u_rom.mem$rdmux[0][5][8]$b$1724 [3] $memory\u_core.u_rom.mem$rdmux[0][5][8]$b$1724 [1] $memory\u_core.u_rom.mem$rdmux[0][5][8]$b$1724 [1] 1'1 }, Y={ $memory\u_core.u_rom.mem$rdmux[0][4][4]$a$1663 [11:9] $memory\u_core.u_rom.mem$rdmux[0][4][4]$a$1663 [5:0] }
      New connections: $memory\u_core.u_rom.mem$rdmux[0][4][4]$a$1663 [8:6] = { $memory\u_core.u_rom.mem$rdmux[0][4][4]$a$1663 [5] 1'1 $memory\u_core.u_rom.mem$rdmux[0][4][4]$a$1663 [0] }
    Consolidated identical input bits for $mux cell $memory\u_core.u_rom.mem$rdmux[0][5][7]$1719:
      Old ports: A=$memory\u_core.u_rom.mem$rdmux[0][5][7]$a$1720, B=$memory\u_core.u_rom.mem$rdmux[0][5][7]$b$1721, Y=$memory\u_core.u_rom.mem$rdmux[0][4][3]$b$1661
      New ports: A={ 1'0 $memory\u_core.u_rom.mem$rdmux[0][5][7]$a$1720 [5] $memory\u_core.u_rom.mem$rdmux[0][5][7]$a$1720 [8] $memory\u_core.u_rom.mem$rdmux[0][5][7]$a$1720 [5] $memory\u_core.u_rom.mem$rdmux[0][5][7]$a$1720 [5] 3'011 }, B={ $memory\u_core.u_rom.mem$rdmux[0][5][7]$b$1721 [5] 2'10 $memory\u_core.u_rom.mem$rdmux[0][5][7]$b$1721 [1] $memory\u_core.u_rom.mem$rdmux[0][5][7]$b$1721 [5] 1'1 $memory\u_core.u_rom.mem$rdmux[0][5][7]$b$1721 [1] 1'0 }, Y={ $memory\u_core.u_rom.mem$rdmux[0][4][3]$b$1661 [11:10] $memory\u_core.u_rom.mem$rdmux[0][4][3]$b$1661 [8] $memory\u_core.u_rom.mem$rdmux[0][4][3]$b$1661 [6:5] $memory\u_core.u_rom.mem$rdmux[0][4][3]$b$1661 [2:0] }
      New connections: { $memory\u_core.u_rom.mem$rdmux[0][4][3]$b$1661 [9] $memory\u_core.u_rom.mem$rdmux[0][4][3]$b$1661 [7] $memory\u_core.u_rom.mem$rdmux[0][4][3]$b$1661 [4:3] } = { $memory\u_core.u_rom.mem$rdmux[0][4][3]$b$1661 [6] $memory\u_core.u_rom.mem$rdmux[0][4][3]$b$1661 [1] 1'1 $memory\u_core.u_rom.mem$rdmux[0][4][3]$b$1661 [1] }
    Consolidated identical input bits for $mux cell $memory\u_core.u_rom.mem$rdmux[0][5][6]$1716:
      Old ports: A=$memory\u_core.u_rom.mem$rdmux[0][5][6]$a$1717, B=$memory\u_core.u_rom.mem$rdmux[0][5][6]$b$1718, Y=$memory\u_core.u_rom.mem$rdmux[0][4][3]$a$1660
      New ports: A={ $memory\u_core.u_rom.mem$rdmux[0][5][6]$a$1717 [11] $memory\u_core.u_rom.mem$rdmux[0][5][6]$a$1717 [0] $memory\u_core.u_rom.mem$rdmux[0][5][6]$a$1717 [0] 2'10 $memory\u_core.u_rom.mem$rdmux[0][5][6]$a$1717 [0] }, B={ 1'0 $memory\u_core.u_rom.mem$rdmux[0][5][6]$b$1718 [2] $memory\u_core.u_rom.mem$rdmux[0][5][6]$b$1718 [5] $memory\u_core.u_rom.mem$rdmux[0][5][6]$b$1718 [2] $memory\u_core.u_rom.mem$rdmux[0][5][6]$b$1718 [2] 1'0 }, Y={ $memory\u_core.u_rom.mem$rdmux[0][4][3]$a$1660 [11] $memory\u_core.u_rom.mem$rdmux[0][4][3]$a$1660 [7] $memory\u_core.u_rom.mem$rdmux[0][4][3]$a$1660 [5] $memory\u_core.u_rom.mem$rdmux[0][4][3]$a$1660 [3:2] $memory\u_core.u_rom.mem$rdmux[0][4][3]$a$1660 [0] }
      New connections: { $memory\u_core.u_rom.mem$rdmux[0][4][3]$a$1660 [10:8] $memory\u_core.u_rom.mem$rdmux[0][4][3]$a$1660 [6] $memory\u_core.u_rom.mem$rdmux[0][4][3]$a$1660 [4] $memory\u_core.u_rom.mem$rdmux[0][4][3]$a$1660 [1] } = { 2'01 $memory\u_core.u_rom.mem$rdmux[0][4][3]$a$1660 [0] 1'1 $memory\u_core.u_rom.mem$rdmux[0][4][3]$a$1660 [3] 1'0 }
    Consolidated identical input bits for $mux cell $memory\u_core.u_rom.mem$rdmux[0][5][5]$1713:
      Old ports: A=$memory\u_core.u_rom.mem$rdmux[0][5][5]$a$1714, B=$memory\u_core.u_rom.mem$rdmux[0][5][5]$b$1715, Y=$memory\u_core.u_rom.mem$rdmux[0][4][2]$b$1658
      New ports: A={ 3'011 $memory\u_core.u_rom.mem$rdmux[0][5][5]$a$1714 [2] $memory\u_core.u_rom.mem$rdmux[0][5][5]$a$1714 [2:1] 1'0 }, B={ $memory\u_core.u_rom.mem$rdmux[0][5][5]$b$1715 [7] 1'0 $memory\u_core.u_rom.mem$rdmux[0][5][5]$b$1715 [7:6] 3'111 }, Y={ $memory\u_core.u_rom.mem$rdmux[0][4][2]$b$1658 [9:6] $memory\u_core.u_rom.mem$rdmux[0][4][2]$b$1658 [2:0] }
      New connections: { $memory\u_core.u_rom.mem$rdmux[0][4][2]$b$1658 [11:10] $memory\u_core.u_rom.mem$rdmux[0][4][2]$b$1658 [5:3] } = { $memory\u_core.u_rom.mem$rdmux[0][4][2]$b$1658 [6] $memory\u_core.u_rom.mem$rdmux[0][4][2]$b$1658 [1] $memory\u_core.u_rom.mem$rdmux[0][4][2]$b$1658 [1] $memory\u_core.u_rom.mem$rdmux[0][4][2]$b$1658 [1:0] }
    Consolidated identical input bits for $mux cell $memory\u_core.u_rom.mem$rdmux[0][5][4]$1710:
      Old ports: A=$memory\u_core.u_rom.mem$rdmux[0][5][4]$a$1711, B=$memory\u_core.u_rom.mem$rdmux[0][5][4]$b$1712, Y=$memory\u_core.u_rom.mem$rdmux[0][4][2]$a$1657
      New ports: A={ 1'1 $memory\u_core.u_rom.mem$rdmux[0][5][4]$a$1711 [6] $memory\u_core.u_rom.mem$rdmux[0][5][4]$a$1711 [6] $memory\u_core.u_rom.mem$rdmux[0][5][4]$a$1711 [6] $memory\u_core.u_rom.mem$rdmux[0][5][4]$a$1711 [0] 2'10 $memory\u_core.u_rom.mem$rdmux[0][5][4]$a$1711 [0] }, B={ 3'010 $memory\u_core.u_rom.mem$rdmux[0][5][4]$b$1712 [0] 1'1 $memory\u_core.u_rom.mem$rdmux[0][5][4]$b$1712 [0] $memory\u_core.u_rom.mem$rdmux[0][5][4]$b$1712 [0] $memory\u_core.u_rom.mem$rdmux[0][5][4]$b$1712 [0] }, Y={ $memory\u_core.u_rom.mem$rdmux[0][4][2]$a$1657 [9:6] $memory\u_core.u_rom.mem$rdmux[0][4][2]$a$1657 [3:0] }
      New connections: { $memory\u_core.u_rom.mem$rdmux[0][4][2]$a$1657 [11:10] $memory\u_core.u_rom.mem$rdmux[0][4][2]$a$1657 [5:4] } = { 1'0 $memory\u_core.u_rom.mem$rdmux[0][4][2]$a$1657 [7] $memory\u_core.u_rom.mem$rdmux[0][4][2]$a$1657 [0] $memory\u_core.u_rom.mem$rdmux[0][4][2]$a$1657 [2] }
    Consolidated identical input bits for $mux cell $memory\u_core.u_rom.mem$rdmux[0][5][3]$1707:
      Old ports: A=$memory\u_core.u_rom.mem$rdmux[0][5][3]$a$1708, B=$memory\u_core.u_rom.mem$rdmux[0][5][3]$b$1709, Y=$memory\u_core.u_rom.mem$rdmux[0][4][1]$b$1655
      New ports: A={ $memory\u_core.u_rom.mem$rdmux[0][5][3]$a$1708 [0] $memory\u_core.u_rom.mem$rdmux[0][5][3]$a$1708 [7] $memory\u_core.u_rom.mem$rdmux[0][5][3]$a$1708 [7] $memory\u_core.u_rom.mem$rdmux[0][5][3]$a$1708 [7] 2'10 $memory\u_core.u_rom.mem$rdmux[0][5][3]$a$1708 [0] 1'1 $memory\u_core.u_rom.mem$rdmux[0][5][3]$a$1708 [0] }, B={ 1'0 $memory\u_core.u_rom.mem$rdmux[0][5][3]$b$1709 [0] 1'1 $memory\u_core.u_rom.mem$rdmux[0][5][3]$b$1709 [7] 3'011 $memory\u_core.u_rom.mem$rdmux[0][5][3]$b$1709 [0] $memory\u_core.u_rom.mem$rdmux[0][5][3]$b$1709 [0] }, Y={ $memory\u_core.u_rom.mem$rdmux[0][4][1]$b$1655 [11] $memory\u_core.u_rom.mem$rdmux[0][4][1]$b$1655 [9:6] $memory\u_core.u_rom.mem$rdmux[0][4][1]$b$1655 [4] $memory\u_core.u_rom.mem$rdmux[0][4][1]$b$1655 [2:0] }
      New connections: { $memory\u_core.u_rom.mem$rdmux[0][4][1]$b$1655 [10] $memory\u_core.u_rom.mem$rdmux[0][4][1]$b$1655 [5] $memory\u_core.u_rom.mem$rdmux[0][4][1]$b$1655 [3] } = { $memory\u_core.u_rom.mem$rdmux[0][4][1]$b$1655 [4] $memory\u_core.u_rom.mem$rdmux[0][4][1]$b$1655 [4] $memory\u_core.u_rom.mem$rdmux[0][4][1]$b$1655 [2] }
    Consolidated identical input bits for $mux cell $memory\u_core.u_rom.mem$rdmux[0][5][2]$1704:
      Old ports: A=$memory\u_core.u_rom.mem$rdmux[0][5][2]$a$1705, B=$memory\u_core.u_rom.mem$rdmux[0][5][2]$b$1706, Y=$memory\u_core.u_rom.mem$rdmux[0][4][1]$a$1654
      New ports: A={ $memory\u_core.u_rom.mem$rdmux[0][5][2]$a$1705 [4] $memory\u_core.u_rom.mem$rdmux[0][5][2]$a$1705 [4] 2'01 $memory\u_core.u_rom.mem$rdmux[0][5][2]$a$1705 [3] $memory\u_core.u_rom.mem$rdmux[0][5][2]$a$1705 [4:3] 2'10 }, B={ 1'0 $memory\u_core.u_rom.mem$rdmux[0][5][2]$b$1706 [0] $memory\u_core.u_rom.mem$rdmux[0][5][2]$b$1706 [1] 2'01 $memory\u_core.u_rom.mem$rdmux[0][5][2]$b$1706 [1:0] $memory\u_core.u_rom.mem$rdmux[0][5][2]$b$1706 [1:0] }, Y={ $memory\u_core.u_rom.mem$rdmux[0][4][1]$a$1654 [11:10] $memory\u_core.u_rom.mem$rdmux[0][4][1]$a$1654 [7:3] $memory\u_core.u_rom.mem$rdmux[0][4][1]$a$1654 [1:0] }
      New connections: { $memory\u_core.u_rom.mem$rdmux[0][4][1]$a$1654 [9:8] $memory\u_core.u_rom.mem$rdmux[0][4][1]$a$1654 [2] } = { $memory\u_core.u_rom.mem$rdmux[0][4][1]$a$1654 [3] 1'0 $memory\u_core.u_rom.mem$rdmux[0][4][1]$a$1654 [1] }
    Consolidated identical input bits for $mux cell $memory\u_core.u_rom.mem$rdmux[0][5][1]$1701:
      Old ports: A=$memory\u_core.u_rom.mem$rdmux[0][5][1]$a$1702, B=$memory\u_core.u_rom.mem$rdmux[0][5][1]$b$1703, Y=$memory\u_core.u_rom.mem$rdmux[0][4][0]$b$1652
      New ports: A={ 2'11 $memory\u_core.u_rom.mem$rdmux[0][5][1]$a$1702 [0] 1'1 $memory\u_core.u_rom.mem$rdmux[0][5][1]$a$1702 [1:0] }, B={ 1'0 $memory\u_core.u_rom.mem$rdmux[0][5][1]$b$1703 [6] $memory\u_core.u_rom.mem$rdmux[0][5][1]$b$1703 [6] $memory\u_core.u_rom.mem$rdmux[0][5][1]$b$1703 [0] 1'1 $memory\u_core.u_rom.mem$rdmux[0][5][1]$b$1703 [0] }, Y={ $memory\u_core.u_rom.mem$rdmux[0][4][0]$b$1652 [10] $memory\u_core.u_rom.mem$rdmux[0][4][0]$b$1652 [7:6] $memory\u_core.u_rom.mem$rdmux[0][4][0]$b$1652 [2:0] }
      New connections: { $memory\u_core.u_rom.mem$rdmux[0][4][0]$b$1652 [11] $memory\u_core.u_rom.mem$rdmux[0][4][0]$b$1652 [9:8] $memory\u_core.u_rom.mem$rdmux[0][4][0]$b$1652 [5:3] } = { 2'00 $memory\u_core.u_rom.mem$rdmux[0][4][0]$b$1652 [2] 1'0 $memory\u_core.u_rom.mem$rdmux[0][4][0]$b$1652 [0] $memory\u_core.u_rom.mem$rdmux[0][4][0]$b$1652 [1] }
    Consolidated identical input bits for $mux cell $memory\u_core.u_rom.mem$rdmux[0][5][0]$1698:
      Old ports: A=$memory\u_core.u_rom.mem$rdmux[0][5][0]$a$1699, B=$memory\u_core.u_rom.mem$rdmux[0][5][0]$b$1700, Y=$memory\u_core.u_rom.mem$rdmux[0][4][0]$a$1651
      New ports: A={ 1'0 $memory\u_core.u_rom.mem$rdmux[0][5][0]$a$1699 [1] $memory\u_core.u_rom.mem$rdmux[0][5][0]$a$1699 [2] $memory\u_core.u_rom.mem$rdmux[0][5][0]$a$1699 [2] 2'01 $memory\u_core.u_rom.mem$rdmux[0][5][0]$a$1699 [2:1] 1'1 }, B={ $memory\u_core.u_rom.mem$rdmux[0][5][0]$b$1700 [2] 1'1 $memory\u_core.u_rom.mem$rdmux[0][5][0]$b$1700 [1] 2'01 $memory\u_core.u_rom.mem$rdmux[0][5][0]$b$1700 [1] $memory\u_core.u_rom.mem$rdmux[0][5][0]$b$1700 [2:1] 1'0 }, Y={ $memory\u_core.u_rom.mem$rdmux[0][4][0]$a$1651 [10:9] $memory\u_core.u_rom.mem$rdmux[0][4][0]$a$1651 [7] $memory\u_core.u_rom.mem$rdmux[0][4][0]$a$1651 [5:0] }
      New connections: { $memory\u_core.u_rom.mem$rdmux[0][4][0]$a$1651 [11] $memory\u_core.u_rom.mem$rdmux[0][4][0]$a$1651 [8] $memory\u_core.u_rom.mem$rdmux[0][4][0]$a$1651 [6] } = { $memory\u_core.u_rom.mem$rdmux[0][4][0]$a$1651 [3] $memory\u_core.u_rom.mem$rdmux[0][4][0]$a$1651 [4] $memory\u_core.u_rom.mem$rdmux[0][4][0]$a$1651 [5] }
  Optimizing cells in module \ntt_top.
    Consolidated identical input bits for $mux cell $memory\u_core.u_rom.mem$rdmux[0][4][12]$1686:
      Old ports: A=$memory\u_core.u_rom.mem$rdmux[0][4][12]$a$1687, B=$memory\u_core.u_rom.mem$rdmux[0][4][12]$b$1688, Y=$memory\u_core.u_rom.mem$rdmux[0][3][6]$a$1645
      New ports: A={ $memory\u_core.u_rom.mem$rdmux[0][4][12]$a$1687 [10:8] 1'0 $memory\u_core.u_rom.mem$rdmux[0][4][12]$a$1687 [6:3] 1'0 $memory\u_core.u_rom.mem$rdmux[0][4][12]$a$1687 [1:0] }, B={ $memory\u_core.u_rom.mem$rdmux[0][4][12]$b$1688 [3] $memory\u_core.u_rom.mem$rdmux[0][4][12]$b$1688 [6] 1'1 $memory\u_core.u_rom.mem$rdmux[0][4][12]$b$1688 [7:5] $memory\u_core.u_rom.mem$rdmux[0][4][12]$b$1688 [2] $memory\u_core.u_rom.mem$rdmux[0][4][12]$b$1688 [3:1] 1'0 }, Y=$memory\u_core.u_rom.mem$rdmux[0][3][6]$a$1645 [10:0]
      New connections: $memory\u_core.u_rom.mem$rdmux[0][3][6]$a$1645 [11] = 1'0
    Consolidated identical input bits for $mux cell $memory\u_core.u_rom.mem$rdmux[0][4][8]$1674:
      Old ports: A=$memory\u_core.u_rom.mem$rdmux[0][4][8]$a$1675, B=$memory\u_core.u_rom.mem$rdmux[0][4][8]$b$1676, Y=$memory\u_core.u_rom.mem$rdmux[0][3][4]$a$1639
      New ports: A={ 1'0 $memory\u_core.u_rom.mem$rdmux[0][4][8]$a$1675 [0] $memory\u_core.u_rom.mem$rdmux[0][4][8]$a$1675 [8:2] 1'1 $memory\u_core.u_rom.mem$rdmux[0][4][8]$a$1675 [0] }, B={ $memory\u_core.u_rom.mem$rdmux[0][4][8]$b$1676 [10:8] 1'0 $memory\u_core.u_rom.mem$rdmux[0][4][8]$b$1676 [0] $memory\u_core.u_rom.mem$rdmux[0][4][8]$b$1676 [0] $memory\u_core.u_rom.mem$rdmux[0][4][8]$b$1676 [4:3] $memory\u_core.u_rom.mem$rdmux[0][4][8]$b$1676 [1] $memory\u_core.u_rom.mem$rdmux[0][4][8]$b$1676 [1:0] }, Y=$memory\u_core.u_rom.mem$rdmux[0][3][4]$a$1639 [10:0]
      New connections: $memory\u_core.u_rom.mem$rdmux[0][3][4]$a$1639 [11] = $memory\u_core.u_rom.mem$rdmux[0][3][4]$a$1639 [4]
    Consolidated identical input bits for $mux cell $memory\u_core.u_rom.mem$rdmux[0][4][6]$1668:
      Old ports: A=$memory\u_core.u_rom.mem$rdmux[0][4][6]$a$1669, B=$memory\u_core.u_rom.mem$rdmux[0][4][6]$b$1670, Y=$memory\u_core.u_rom.mem$rdmux[0][3][3]$a$1636
      New ports: A={ $memory\u_core.u_rom.mem$rdmux[0][4][6]$a$1669 [7] $memory\u_core.u_rom.mem$rdmux[0][4][6]$a$1669 [0] $memory\u_core.u_rom.mem$rdmux[0][4][6]$a$1669 [8:6] 1'1 $memory\u_core.u_rom.mem$rdmux[0][4][6]$a$1669 [4:0] }, B={ $memory\u_core.u_rom.mem$rdmux[0][4][6]$b$1670 [11:10] $memory\u_core.u_rom.mem$rdmux[0][4][6]$b$1670 [8] 1'0 $memory\u_core.u_rom.mem$rdmux[0][4][6]$b$1670 [6:5] $memory\u_core.u_rom.mem$rdmux[0][4][6]$b$1670 [2:1] $memory\u_core.u_rom.mem$rdmux[0][4][6]$b$1670 [2:0] }, Y={ $memory\u_core.u_rom.mem$rdmux[0][3][3]$a$1636 [11:10] $memory\u_core.u_rom.mem$rdmux[0][3][3]$a$1636 [8:0] }
      New connections: $memory\u_core.u_rom.mem$rdmux[0][3][3]$a$1636 [9] = $memory\u_core.u_rom.mem$rdmux[0][3][3]$a$1636 [4]
    Consolidated identical input bits for $mux cell $memory\u_core.u_rom.mem$rdmux[0][4][4]$1662:
      Old ports: A=$memory\u_core.u_rom.mem$rdmux[0][4][4]$a$1663, B=$memory\u_core.u_rom.mem$rdmux[0][4][4]$b$1664, Y=$memory\u_core.u_rom.mem$rdmux[0][3][2]$a$1633
      New ports: A={ $memory\u_core.u_rom.mem$rdmux[0][4][4]$a$1663 [11:9] $memory\u_core.u_rom.mem$rdmux[0][4][4]$a$1663 [5] $memory\u_core.u_rom.mem$rdmux[0][4][4]$a$1663 [0] $memory\u_core.u_rom.mem$rdmux[0][4][4]$a$1663 [5:0] }, B={ $memory\u_core.u_rom.mem$rdmux[0][4][4]$b$1664 [11] $memory\u_core.u_rom.mem$rdmux[0][4][4]$b$1664 [4] $memory\u_core.u_rom.mem$rdmux[0][4][4]$b$1664 [5] $memory\u_core.u_rom.mem$rdmux[0][4][4]$b$1664 [8] 1'1 $memory\u_core.u_rom.mem$rdmux[0][4][4]$b$1664 [5:0] }, Y={ $memory\u_core.u_rom.mem$rdmux[0][3][2]$a$1633 [11:8] $memory\u_core.u_rom.mem$rdmux[0][3][2]$a$1633 [6:0] }
      New connections: $memory\u_core.u_rom.mem$rdmux[0][3][2]$a$1633 [7] = 1'1
    Consolidated identical input bits for $mux cell $memory\u_core.u_rom.mem$rdmux[0][4][3]$1659:
      Old ports: A=$memory\u_core.u_rom.mem$rdmux[0][4][3]$a$1660, B=$memory\u_core.u_rom.mem$rdmux[0][4][3]$b$1661, Y=$memory\u_core.u_rom.mem$rdmux[0][3][1]$b$1631
      New ports: A={ $memory\u_core.u_rom.mem$rdmux[0][4][3]$a$1660 [11] 1'0 $memory\u_core.u_rom.mem$rdmux[0][4][3]$a$1660 [0] $memory\u_core.u_rom.mem$rdmux[0][4][3]$a$1660 [7] 1'1 $memory\u_core.u_rom.mem$rdmux[0][4][3]$a$1660 [5] $memory\u_core.u_rom.mem$rdmux[0][4][3]$a$1660 [3] $memory\u_core.u_rom.mem$rdmux[0][4][3]$a$1660 [3:2] 1'0 $memory\u_core.u_rom.mem$rdmux[0][4][3]$a$1660 [0] }, B={ $memory\u_core.u_rom.mem$rdmux[0][4][3]$b$1661 [11:10] $memory\u_core.u_rom.mem$rdmux[0][4][3]$b$1661 [8] $memory\u_core.u_rom.mem$rdmux[0][4][3]$b$1661 [1] $memory\u_core.u_rom.mem$rdmux[0][4][3]$b$1661 [6:5] 1'1 $memory\u_core.u_rom.mem$rdmux[0][4][3]$b$1661 [1] $memory\u_core.u_rom.mem$rdmux[0][4][3]$b$1661 [2:0] }, Y={ $memory\u_core.u_rom.mem$rdmux[0][3][1]$b$1631 [11:10] $memory\u_core.u_rom.mem$rdmux[0][3][1]$b$1631 [8:0] }
      New connections: $memory\u_core.u_rom.mem$rdmux[0][3][1]$b$1631 [9] = $memory\u_core.u_rom.mem$rdmux[0][3][1]$b$1631 [6]
  Optimizing cells in module \ntt_top.
Performed a total of 103 changes.

11.21.5. Executing OPT_MERGE pass (detect identical cells).
Finding identical cells in module `\ntt_top'.
Computing hashes of 1849 cells of `\ntt_top'.
Finding duplicate cells in `\ntt_top'.
Computing hashes of 1788 cells of `\ntt_top'.
Finding duplicate cells in `\ntt_top'.
<suppressed ~183 debug messages>
Removed a total of 61 cells.

11.21.6. Executing OPT_SHARE pass.
    Found cells that share an operand and can be merged by moving the $mux $flatten\u_core.\u_ag.$ternary$rtl/addr_gen.v:144$29 in front of them:
        $auto$alumacc.cc:548:replace_alu$1473
        $auto$alumacc.cc:548:replace_alu$1470

11.21.7. Executing OPT_DFF pass (perform DFF optimizations).

11.21.8. Executing OPT_CLEAN pass (remove unused cells and wires).
Finding unused cells or wires in module \ntt_top..
Removed 1 unused cells and 725 unused wires.
<suppressed ~2 debug messages>

11.21.9. Executing OPT_EXPR pass (perform const folding).
Optimizing module ntt_top.
<suppressed ~4 debug messages>

11.21.10. Rerunning OPT passes. (Maybe there is more to do..)

11.21.11. Executing OPT_MUXTREE pass (detect dead branches in mux trees).
Running muxtree optimizer on module \ntt_top..
  Creating internal representation of mux trees.
  Evaluating internal representation of mux trees.
  Analyzing evaluation results.
Removed 0 multiplexer ports.
<suppressed ~2813 debug messages>

11.21.12. Executing OPT_REDUCE pass (consolidate $*mux and $reduce_* inputs).
  Optimizing cells in module \ntt_top.
    Consolidated identical input bits for $mux cell $memory\u_core.u_rom.mem$rdmux[0][5][30]$1788:
      Old ports: A={ 1'1 $memory\u_core.u_rom.mem$rdmux[0][5][0]$a$1699 [2:1] 1'0 $memory\u_core.u_rom.mem$rdmux[0][5][0]$a$1699 [2:1] 2'01 }, B={ 3'001 $memory\u_core.u_rom.mem$rdmux[0][5][0]$a$1699 [2:1] $memory\u_core.u_rom.mem$rdmux[0][5][0]$a$1699 [1] $memory\u_core.u_rom.mem$rdmux[0][5][0]$a$1699 [1] $memory\u_core.u_rom.mem$rdmux[0][5][0]$a$1699 [1] }, Y={ $memory\u_core.u_rom.mem$rdmux[0][4][15]$a$1696 [11:10] $memory\u_core.u_rom.mem$rdmux[0][4][15]$a$1696 [6:3] $memory\u_core.u_rom.mem$rdmux[0][4][15]$a$1696 [1:0] }
      New ports: A={ 1'1 $memory\u_core.u_rom.mem$rdmux[0][5][0]$a$1699 [2:1] 1'0 $memory\u_core.u_rom.mem$rdmux[0][5][0]$a$1699 [2] 2'01 }, B={ 3'001 $memory\u_core.u_rom.mem$rdmux[0][5][0]$a$1699 [2:1] $memory\u_core.u_rom.mem$rdmux[0][5][0]$a$1699 [1] $memory\u_core.u_rom.mem$rdmux[0][5][0]$a$1699 [1] }, Y={ $memory\u_core.u_rom.mem$rdmux[0][4][15]$a$1696 [11:10] $memory\u_core.u_rom.mem$rdmux[0][4][15]$a$1696 [6:4] $memory\u_core.u_rom.mem$rdmux[0][4][15]$a$1696 [1:0] }
      New connections: $memory\u_core.u_rom.mem$rdmux[0][4][15]$a$1696 [3] = $memory\u_core.u_rom.mem$rdmux[0][5][0]$a$1699 [1]
    Consolidated identical input bits for $mux cell $memory\u_core.u_rom.mem$rdmux[0][5][27]$1779:
      Old ports: A={ $memory\u_core.u_rom.mem$rdmux[0][5][0]$b$1700 [1] 3'011 $memory\u_core.u_rom.mem$rdmux[0][5][0]$b$1700 [2:1] $memory\u_core.u_rom.mem$rdmux[0][5][0]$b$1700 [1] }, B={ $memory\u_core.u_rom.mem$rdmux[0][5][0]$b$1700 [1] $memory\u_core.u_rom.mem$rdmux[0][5][0]$b$1700 [2] $memory\u_core.u_rom.mem$rdmux[0][5][0]$b$1700 [2:1] $memory\u_core.u_rom.mem$rdmux[0][5][0]$b$1700 [1] 2'10 }, Y={ $memory\u_core.u_rom.mem$rdmux[0][4][13]$b$1691 [11] $memory\u_core.u_rom.mem$rdmux[0][4][13]$b$1691 [9] $memory\u_core.u_rom.mem$rdmux[0][4][13]$b$1691 [7] $memory\u_core.u_rom.mem$rdmux[0][4][13]$b$1691 [4:3] $memory\u_core.u_rom.mem$rdmux[0][4][13]$b$1691 [1:0] }
      New ports: A={ 3'011 $memory\u_core.u_rom.mem$rdmux[0][5][0]$b$1700 [2:1] $memory\u_core.u_rom.mem$rdmux[0][5][0]$b$1700 [1] }, B={ $memory\u_core.u_rom.mem$rdmux[0][5][0]$b$1700 [2] $memory\u_core.u_rom.mem$rdmux[0][5][0]$b$1700 [2:1] $memory\u_core.u_rom.mem$rdmux[0][5][0]$b$1700 [1] 2'10 }, Y={ $memory\u_core.u_rom.mem$rdmux[0][4][13]$b$1691 [9] $memory\u_core.u_rom.mem$rdmux[0][4][13]$b$1691 [7] $memory\u_core.u_rom.mem$rdmux[0][4][13]$b$1691 [4:3] $memory\u_core.u_rom.mem$rdmux[0][4][13]$b$1691 [1:0] }
      New connections: $memory\u_core.u_rom.mem$rdmux[0][4][13]$b$1691 [11] = $memory\u_core.u_rom.mem$rdmux[0][5][0]$b$1700 [1]
    Consolidated identical input bits for $mux cell $memory\u_core.u_rom.mem$rdmux[0][5][25]$1773:
      Old ports: A={ $memory\u_core.u_rom.mem$rdmux[0][5][0]$b$1700 [2] $memory\u_core.u_rom.mem$rdmux[0][5][0]$b$1700 [2] 2'11 $memory\u_core.u_rom.mem$rdmux[0][5][0]$b$1700 [2:1] }, B={ $memory\u_core.u_rom.mem$rdmux[0][5][0]$b$1700 [2:1] 1'0 $memory\u_core.u_rom.mem$rdmux[0][5][0]$b$1700 [1] 2'00 }, Y={ $memory\u_core.u_rom.mem$rdmux[0][4][12]$b$1688 [7:5] $memory\u_core.u_rom.mem$rdmux[0][4][12]$b$1688 [3:1] }
      New ports: A={ $memory\u_core.u_rom.mem$rdmux[0][5][0]$b$1700 [2] 2'11 $memory\u_core.u_rom.mem$rdmux[0][5][0]$b$1700 [2:1] }, B={ $memory\u_core.u_rom.mem$rdmux[0][5][0]$b$1700 [1] 1'0 $memory\u_core.u_rom.mem$rdmux[0][5][0]$b$1700 [1] 2'00 }, Y={ $memory\u_core.u_rom.mem$rdmux[0][4][12]$b$1688 [6:5] $memory\u_core.u_rom.mem$rdmux[0][4][12]$b$1688 [3:1] }
      New connections: $memory\u_core.u_rom.mem$rdmux[0][4][12]$b$1688 [7] = $memory\u_core.u_rom.mem$rdmux[0][5][0]$b$1700 [2]
    Consolidated identical input bits for $mux cell $memory\u_core.u_rom.mem$rdmux[0][5][21]$1761:
      Old ports: A={ $memory\u_core.u_rom.mem$rdmux[0][5][0]$a$1699 [1] 3'011 $memory\u_core.u_rom.mem$rdmux[0][5][0]$a$1699 [2] $memory\u_core.u_rom.mem$rdmux[0][5][0]$a$1699 [2] 2'10 $memory\u_core.u_rom.mem$rdmux[0][5][0]$a$1699 [1] }, B={ $memory\u_core.u_rom.mem$rdmux[0][5][0]$a$1699 [1] $memory\u_core.u_rom.mem$rdmux[0][5][0]$a$1699 [2] 1'0 $memory\u_core.u_rom.mem$rdmux[0][5][0]$a$1699 [2] $memory\u_core.u_rom.mem$rdmux[0][5][0]$a$1699 [2:1] $memory\u_core.u_rom.mem$rdmux[0][5][0]$a$1699 [1] 2'11 }, Y={ $memory\u_core.u_rom.mem$rdmux[0][4][10]$b$1682 [10:7] $memory\u_core.u_rom.mem$rdmux[0][4][10]$b$1682 [5:2] $memory\u_core.u_rom.mem$rdmux[0][4][10]$b$1682 [0] }
      New ports: A={ 3'011 $memory\u_core.u_rom.mem$rdmux[0][5][0]$a$1699 [2] 2'10 $memory\u_core.u_rom.mem$rdmux[0][5][0]$a$1699 [1] }, B={ $memory\u_core.u_rom.mem$rdmux[0][5][0]$a$1699 [2] 1'0 $memory\u_core.u_rom.mem$rdmux[0][5][0]$a$1699 [2:1] $memory\u_core.u_rom.mem$rdmux[0][5][0]$a$1699 [1] 2'11 }, Y={ $memory\u_core.u_rom.mem$rdmux[0][4][10]$b$1682 [9:7] $memory\u_core.u_rom.mem$rdmux[0][4][10]$b$1682 [4:2] $memory\u_core.u_rom.mem$rdmux[0][4][10]$b$1682 [0] }
      New connections: { $memory\u_core.u_rom.mem$rdmux[0][4][10]$b$1682 [10] $memory\u_core.u_rom.mem$rdmux[0][4][10]$b$1682 [5] } = { $memory\u_core.u_rom.mem$rdmux[0][5][0]$a$1699 [1] $memory\u_core.u_rom.mem$rdmux[0][5][0]$a$1699 [2] }
    Consolidated identical input bits for $mux cell $memory\u_core.u_rom.mem$rdmux[0][5][20]$1758:
      Old ports: A={ $memory\u_core.u_rom.mem$rdmux[0][5][0]$b$1700 [1] $memory\u_core.u_rom.mem$rdmux[0][5][0]$b$1700 [1] $memory\u_core.u_rom.mem$rdmux[0][5][0]$b$1700 [2] 4'0010 $memory\u_core.u_rom.mem$rdmux[0][5][0]$b$1700 [1] }, B={ $memory\u_core.u_rom.mem$rdmux[0][5][0]$b$1700 [2] 2'10 $memory\u_core.u_rom.mem$rdmux[0][5][0]$b$1700 [1] $memory\u_core.u_rom.mem$rdmux[0][5][0]$b$1700 [2] $memory\u_core.u_rom.mem$rdmux[0][5][0]$b$1700 [2] 1'1 $memory\u_core.u_rom.mem$rdmux[0][5][0]$b$1700 [1] }, Y={ $memory\u_core.u_rom.mem$rdmux[0][4][10]$a$1681 [11:10] $memory\u_core.u_rom.mem$rdmux[0][4][10]$a$1681 [8:7] $memory\u_core.u_rom.mem$rdmux[0][4][10]$a$1681 [5] $memory\u_core.u_rom.mem$rdmux[0][4][10]$a$1681 [3:2] $memory\u_core.u_rom.mem$rdmux[0][4][10]$a$1681 [0] }
      New ports: A={ $memory\u_core.u_rom.mem$rdmux[0][5][0]$b$1700 [1] $memory\u_core.u_rom.mem$rdmux[0][5][0]$b$1700 [1] $memory\u_core.u_rom.mem$rdmux[0][5][0]$b$1700 [2] 4'0010 }, B={ $memory\u_core.u_rom.mem$rdmux[0][5][0]$b$1700 [2] 2'10 $memory\u_core.u_rom.mem$rdmux[0][5][0]$b$1700 [1] $memory\u_core.u_rom.mem$rdmux[0][5][0]$b$1700 [2] $memory\u_core.u_rom.mem$rdmux[0][5][0]$b$1700 [2] 1'1 }, Y={ $memory\u_core.u_rom.mem$rdmux[0][4][10]$a$1681 [11:10] $memory\u_core.u_rom.mem$rdmux[0][4][10]$a$1681 [8:7] $memory\u_core.u_rom.mem$rdmux[0][4][10]$a$1681 [5] $memory\u_core.u_rom.mem$rdmux[0][4][10]$a$1681 [3:2] }
      New connections: $memory\u_core.u_rom.mem$rdmux[0][4][10]$a$1681 [0] = $memory\u_core.u_rom.mem$rdmux[0][5][0]$b$1700 [1]
    Consolidated identical input bits for $mux cell $memory\u_core.u_rom.mem$rdmux[0][5][19]$1755:
      Old ports: A={ 2'01 $memory\u_core.u_rom.mem$rdmux[0][5][0]$a$1699 [2:1] 1'1 $memory\u_core.u_rom.mem$rdmux[0][5][0]$a$1699 [2] $memory\u_core.u_rom.mem$rdmux[0][5][0]$a$1699 [2:1] }, B={ 2'10 $memory\u_core.u_rom.mem$rdmux[0][5][0]$a$1699 [1] 1'1 $memory\u_core.u_rom.mem$rdmux[0][5][0]$a$1699 [1] 1'0 $memory\u_core.u_rom.mem$rdmux[0][5][0]$a$1699 [2:1] }, Y={ $memory\u_core.u_rom.mem$rdmux[0][4][9]$b$1679 [10] $memory\u_core.u_rom.mem$rdmux[0][4][9]$b$1679 [8] $memory\u_core.u_rom.mem$rdmux[0][4][9]$b$1679 [6:3] $memory\u_core.u_rom.mem$rdmux[0][4][9]$b$1679 [1:0] }
      New ports: A={ 2'01 $memory\u_core.u_rom.mem$rdmux[0][5][0]$a$1699 [2:1] 1'1 $memory\u_core.u_rom.mem$rdmux[0][5][0]$a$1699 [2] }, B={ 2'10 $memory\u_core.u_rom.mem$rdmux[0][5][0]$a$1699 [1] 1'1 $memory\u_core.u_rom.mem$rdmux[0][5][0]$a$1699 [1] 1'0 }, Y={ $memory\u_core.u_rom.mem$rdmux[0][4][9]$b$1679 [10] $memory\u_core.u_rom.mem$rdmux[0][4][9]$b$1679 [8] $memory\u_core.u_rom.mem$rdmux[0][4][9]$b$1679 [6:3] }
      New connections: $memory\u_core.u_rom.mem$rdmux[0][4][9]$b$1679 [1:0] = $memory\u_core.u_rom.mem$rdmux[0][5][0]$a$1699 [2:1]
    Consolidated identical input bits for $mux cell $memory\u_core.u_rom.mem$rdmux[0][5][17]$1749:
      Old ports: A={ 1'0 $memory\u_core.u_rom.mem$rdmux[0][5][0]$a$1699 [1] $memory\u_core.u_rom.mem$rdmux[0][5][0]$a$1699 [1] $memory\u_core.u_rom.mem$rdmux[0][5][0]$a$1699 [2] $memory\u_core.u_rom.mem$rdmux[0][5][0]$a$1699 [2] 1'1 $memory\u_core.u_rom.mem$rdmux[0][5][0]$a$1699 [1] }, B={ $memory\u_core.u_rom.mem$rdmux[0][5][0]$a$1699 [2] $memory\u_core.u_rom.mem$rdmux[0][5][0]$a$1699 [2] 3'001 $memory\u_core.u_rom.mem$rdmux[0][5][0]$a$1699 [2:1] }, Y={ $memory\u_core.u_rom.mem$rdmux[0][4][8]$b$1676 [10:8] $memory\u_core.u_rom.mem$rdmux[0][4][8]$b$1676 [4:3] $memory\u_core.u_rom.mem$rdmux[0][4][8]$b$1676 [1:0] }
      New ports: A={ 1'0 $memory\u_core.u_rom.mem$rdmux[0][5][0]$a$1699 [1] $memory\u_core.u_rom.mem$rdmux[0][5][0]$a$1699 [1] $memory\u_core.u_rom.mem$rdmux[0][5][0]$a$1699 [2] $memory\u_core.u_rom.mem$rdmux[0][5][0]$a$1699 [2] 1'1 }, B={ $memory\u_core.u_rom.mem$rdmux[0][5][0]$a$1699 [2] $memory\u_core.u_rom.mem$rdmux[0][5][0]$a$1699 [2] 3'001 $memory\u_core.u_rom.mem$rdmux[0][5][0]$a$1699 [2] }, Y={ $memory\u_core.u_rom.mem$rdmux[0][4][8]$b$1676 [10:8] $memory\u_core.u_rom.mem$rdmux[0][4][8]$b$1676 [4:3] $memory\u_core.u_rom.mem$rdmux[0][4][8]$b$1676 [1] }
      New connections: $memory\u_core.u_rom.mem$rdmux[0][4][8]$b$1676 [0] = $memory\u_core.u_rom.mem$rdmux[0][5][0]$a$1699 [1]
    Consolidated identical input bits for $mux cell $memory\u_core.u_rom.mem$rdmux[0][5][14]$1740:
      Old ports: A={ 1'0 $memory\u_core.u_rom.mem$rdmux[0][5][0]$b$1700 [2] 1'1 $memory\u_core.u_rom.mem$rdmux[0][5][0]$b$1700 [1] $memory\u_core.u_rom.mem$rdmux[0][5][0]$b$1700 [1] 1'0 $memory\u_core.u_rom.mem$rdmux[0][5][0]$b$1700 [1] 1'1 }, B={ $memory\u_core.u_rom.mem$rdmux[0][5][0]$b$1700 [1] 2'00 $memory\u_core.u_rom.mem$rdmux[0][5][0]$b$1700 [2:1] 2'10 $memory\u_core.u_rom.mem$rdmux[0][5][0]$b$1700 [1] }, Y={ $memory\u_core.u_rom.mem$rdmux[0][4][7]$a$1672 [10] $memory\u_core.u_rom.mem$rdmux[0][4][7]$a$1672 [7:4] $memory\u_core.u_rom.mem$rdmux[0][4][7]$a$1672 [2:0] }
      New ports: A={ 1'0 $memory\u_core.u_rom.mem$rdmux[0][5][0]$b$1700 [2] 1'1 $memory\u_core.u_rom.mem$rdmux[0][5][0]$b$1700 [1] 1'0 $memory\u_core.u_rom.mem$rdmux[0][5][0]$b$1700 [1] 1'1 }, B={ $memory\u_core.u_rom.mem$rdmux[0][5][0]$b$1700 [1] 2'00 $memory\u_core.u_rom.mem$rdmux[0][5][0]$b$1700 [2] 2'10 $memory\u_core.u_rom.mem$rdmux[0][5][0]$b$1700 [1] }, Y={ $memory\u_core.u_rom.mem$rdmux[0][4][7]$a$1672 [10] $memory\u_core.u_rom.mem$rdmux[0][4][7]$a$1672 [7:5] $memory\u_core.u_rom.mem$rdmux[0][4][7]$a$1672 [2:0] }
      New connections: $memory\u_core.u_rom.mem$rdmux[0][4][7]$a$1672 [4] = $memory\u_core.u_rom.mem$rdmux[0][5][0]$b$1700 [1]
    Consolidated identical input bits for $mux cell $memory\u_core.u_rom.mem$rdmux[0][5][10]$1728:
      Old ports: A={ $memory\u_core.u_rom.mem$rdmux[0][5][0]$a$1699 [2] 1'0 $memory\u_core.u_rom.mem$rdmux[0][5][0]$a$1699 [1] $memory\u_core.u_rom.mem$rdmux[0][5][0]$a$1699 [1] $memory\u_core.u_rom.mem$rdmux[0][5][0]$a$1699 [1] $memory\u_core.u_rom.mem$rdmux[0][5][0]$a$1699 [2] 1'0 $memory\u_core.u_rom.mem$rdmux[0][5][0]$a$1699 [1] }, B={ 1'1 $memory\u_core.u_rom.mem$rdmux[0][5][0]$a$1699 [2] $memory\u_core.u_rom.mem$rdmux[0][5][0]$a$1699 [2:1] 1'0 $memory\u_core.u_rom.mem$rdmux[0][5][0]$a$1699 [1] $memory\u_core.u_rom.mem$rdmux[0][5][0]$a$1699 [1] 1'1 }, Y={ $memory\u_core.u_rom.mem$rdmux[0][4][5]$a$1666 [9:7] $memory\u_core.u_rom.mem$rdmux[0][4][5]$a$1666 [5] $memory\u_core.u_rom.mem$rdmux[0][4][5]$a$1666 [3:0] }
      New ports: A={ $memory\u_core.u_rom.mem$rdmux[0][5][0]$a$1699 [2] 1'0 $memory\u_core.u_rom.mem$rdmux[0][5][0]$a$1699 [1] $memory\u_core.u_rom.mem$rdmux[0][5][0]$a$1699 [1] $memory\u_core.u_rom.mem$rdmux[0][5][0]$a$1699 [2] 1'0 $memory\u_core.u_rom.mem$rdmux[0][5][0]$a$1699 [1] }, B={ 1'1 $memory\u_core.u_rom.mem$rdmux[0][5][0]$a$1699 [2] $memory\u_core.u_rom.mem$rdmux[0][5][0]$a$1699 [2] 1'0 $memory\u_core.u_rom.mem$rdmux[0][5][0]$a$1699 [1] $memory\u_core.u_rom.mem$rdmux[0][5][0]$a$1699 [1] 1'1 }, Y={ $memory\u_core.u_rom.mem$rdmux[0][4][5]$a$1666 [9:7] $memory\u_core.u_rom.mem$rdmux[0][4][5]$a$1666 [3:0] }
      New connections: $memory\u_core.u_rom.mem$rdmux[0][4][5]$a$1666 [5] = $memory\u_core.u_rom.mem$rdmux[0][5][0]$a$1699 [1]
    Consolidated identical input bits for $mux cell $memory\u_core.u_rom.mem$rdmux[0][5][1]$1701:
      Old ports: A={ 2'11 $memory\u_core.u_rom.mem$rdmux[0][5][0]$b$1700 [1] 1'1 $memory\u_core.u_rom.mem$rdmux[0][5][0]$b$1700 [2:1] }, B={ 1'0 $memory\u_core.u_rom.mem$rdmux[0][5][0]$b$1700 [2] $memory\u_core.u_rom.mem$rdmux[0][5][0]$b$1700 [2:1] 1'1 $memory\u_core.u_rom.mem$rdmux[0][5][0]$b$1700 [1] }, Y={ $memory\u_core.u_rom.mem$rdmux[0][4][0]$b$1652 [10] $memory\u_core.u_rom.mem$rdmux[0][4][0]$b$1652 [7:6] $memory\u_core.u_rom.mem$rdmux[0][4][0]$b$1652 [2:0] }
      New ports: A={ 2'11 $memory\u_core.u_rom.mem$rdmux[0][5][0]$b$1700 [1] 1'1 $memory\u_core.u_rom.mem$rdmux[0][5][0]$b$1700 [2] }, B={ 1'0 $memory\u_core.u_rom.mem$rdmux[0][5][0]$b$1700 [2] $memory\u_core.u_rom.mem$rdmux[0][5][0]$b$1700 [2:1] 1'1 }, Y={ $memory\u_core.u_rom.mem$rdmux[0][4][0]$b$1652 [10] $memory\u_core.u_rom.mem$rdmux[0][4][0]$b$1652 [7:6] $memory\u_core.u_rom.mem$rdmux[0][4][0]$b$1652 [2:1] }
      New connections: $memory\u_core.u_rom.mem$rdmux[0][4][0]$b$1652 [0] = $memory\u_core.u_rom.mem$rdmux[0][5][0]$b$1700 [1]
    Consolidated identical input bits for $mux cell $auto$opt_share.cc:244:merge_operators$4999:
      Old ports: A=7'1111111, B=7'0000001, Y=$auto$rtlil.cc:3402:Mux$5000
      New ports: A=1'1, B=1'0, Y=$auto$rtlil.cc:3402:Mux$5000 [1]
      New connections: { $auto$rtlil.cc:3402:Mux$5000 [6:2] $auto$rtlil.cc:3402:Mux$5000 [0] } = { $auto$rtlil.cc:3402:Mux$5000 [1] $auto$rtlil.cc:3402:Mux$5000 [1] $auto$rtlil.cc:3402:Mux$5000 [1] $auto$rtlil.cc:3402:Mux$5000 [1] $auto$rtlil.cc:3402:Mux$5000 [1] 1'1 }
  Optimizing cells in module \ntt_top.
Performed a total of 11 changes.

11.21.13. Executing OPT_MERGE pass (detect identical cells).
Finding identical cells in module `\ntt_top'.
Computing hashes of 1784 cells of `\ntt_top'.
Finding duplicate cells in `\ntt_top'.
Removed a total of 0 cells.

11.21.14. Executing OPT_SHARE pass.

11.21.15. Executing OPT_DFF pass (perform DFF optimizations).
Adding EN signal on $memory\u_core.u_mem.bank1[0]$1986 ($dff) from module ntt_top (D = \u_core.u_mem.wd1, Q = \u_core.u_mem.bank1[0]).
Adding EN signal on $memory\u_core.u_mem.bank1[1]$1988 ($dff) from module ntt_top (D = \u_core.u_mem.wd1, Q = \u_core.u_mem.bank1[1]).
Adding EN signal on $memory\u_core.u_mem.bank1[2]$1990 ($dff) from module ntt_top (D = \u_core.u_mem.wd1, Q = \u_core.u_mem.bank1[2]).
Adding EN signal on $memory\u_core.u_mem.bank1[3]$1992 ($dff) from module ntt_top (D = \u_core.u_mem.wd1, Q = \u_core.u_mem.bank1[3]).
Adding EN signal on $memory\u_core.u_mem.bank1[4]$1994 ($dff) from module ntt_top (D = \u_core.u_mem.wd1, Q = \u_core.u_mem.bank1[4]).
Adding EN signal on $memory\u_core.u_mem.bank1[5]$1996 ($dff) from module ntt_top (D = \u_core.u_mem.wd1, Q = \u_core.u_mem.bank1[5]).
Adding EN signal on $memory\u_core.u_mem.bank1[6]$1998 ($dff) from module ntt_top (D = \u_core.u_mem.wd1, Q = \u_core.u_mem.bank1[6]).
Adding EN signal on $memory\u_core.u_mem.bank1[7]$2000 ($dff) from module ntt_top (D = \u_core.u_mem.wd1, Q = \u_core.u_mem.bank1[7]).
Adding EN signal on $memory\u_core.u_mem.bank1[8]$2002 ($dff) from module ntt_top (D = \u_core.u_mem.wd1, Q = \u_core.u_mem.bank1[8]).
Adding EN signal on $memory\u_core.u_mem.bank1[9]$2004 ($dff) from module ntt_top (D = \u_core.u_mem.wd1, Q = \u_core.u_mem.bank1[9]).
Adding EN signal on $memory\u_core.u_mem.bank1[10]$2006 ($dff) from module ntt_top (D = \u_core.u_mem.wd1, Q = \u_core.u_mem.bank1[10]).
Adding EN signal on $memory\u_core.u_mem.bank1[11]$2008 ($dff) from module ntt_top (D = \u_core.u_mem.wd1, Q = \u_core.u_mem.bank1[11]).
Adding EN signal on $memory\u_core.u_mem.bank1[12]$2010 ($dff) from module ntt_top (D = \u_core.u_mem.wd1, Q = \u_core.u_mem.bank1[12]).
Adding EN signal on $memory\u_core.u_mem.bank1[13]$2012 ($dff) from module ntt_top (D = \u_core.u_mem.wd1, Q = \u_core.u_mem.bank1[13]).
Adding EN signal on $memory\u_core.u_mem.bank1[14]$2014 ($dff) from module ntt_top (D = \u_core.u_mem.wd1, Q = \u_core.u_mem.bank1[14]).
Adding EN signal on $memory\u_core.u_mem.bank1[15]$2016 ($dff) from module ntt_top (D = \u_core.u_mem.wd1, Q = \u_core.u_mem.bank1[15]).
Adding EN signal on $memory\u_core.u_mem.bank1[16]$2018 ($dff) from module ntt_top (D = \u_core.u_mem.wd1, Q = \u_core.u_mem.bank1[16]).
Adding EN signal on $memory\u_core.u_mem.bank1[17]$2020 ($dff) from module ntt_top (D = \u_core.u_mem.wd1, Q = \u_core.u_mem.bank1[17]).
Adding EN signal on $memory\u_core.u_mem.bank1[18]$2022 ($dff) from module ntt_top (D = \u_core.u_mem.wd1, Q = \u_core.u_mem.bank1[18]).
Adding EN signal on $memory\u_core.u_mem.bank1[19]$2024 ($dff) from module ntt_top (D = \u_core.u_mem.wd1, Q = \u_core.u_mem.bank1[19]).
Adding EN signal on $memory\u_core.u_mem.bank1[20]$2026 ($dff) from module ntt_top (D = \u_core.u_mem.wd1, Q = \u_core.u_mem.bank1[20]).
Adding EN signal on $memory\u_core.u_mem.bank1[21]$2028 ($dff) from module ntt_top (D = \u_core.u_mem.wd1, Q = \u_core.u_mem.bank1[21]).
Adding EN signal on $memory\u_core.u_mem.bank1[22]$2030 ($dff) from module ntt_top (D = \u_core.u_mem.wd1, Q = \u_core.u_mem.bank1[22]).
Adding EN signal on $memory\u_core.u_mem.bank1[23]$2032 ($dff) from module ntt_top (D = \u_core.u_mem.wd1, Q = \u_core.u_mem.bank1[23]).
Adding EN signal on $memory\u_core.u_mem.bank1[24]$2034 ($dff) from module ntt_top (D = \u_core.u_mem.wd1, Q = \u_core.u_mem.bank1[24]).
Adding EN signal on $memory\u_core.u_mem.bank1[25]$2036 ($dff) from module ntt_top (D = \u_core.u_mem.wd1, Q = \u_core.u_mem.bank1[25]).
Adding EN signal on $memory\u_core.u_mem.bank1[26]$2038 ($dff) from module ntt_top (D = \u_core.u_mem.wd1, Q = \u_core.u_mem.bank1[26]).
Adding EN signal on $memory\u_core.u_mem.bank1[27]$2040 ($dff) from module ntt_top (D = \u_core.u_mem.wd1, Q = \u_core.u_mem.bank1[27]).
Adding EN signal on $memory\u_core.u_mem.bank1[28]$2042 ($dff) from module ntt_top (D = \u_core.u_mem.wd1, Q = \u_core.u_mem.bank1[28]).
Adding EN signal on $memory\u_core.u_mem.bank1[29]$2044 ($dff) from module ntt_top (D = \u_core.u_mem.wd1, Q = \u_core.u_mem.bank1[29]).
Adding EN signal on $memory\u_core.u_mem.bank1[30]$2046 ($dff) from module ntt_top (D = \u_core.u_mem.wd1, Q = \u_core.u_mem.bank1[30]).
Adding EN signal on $memory\u_core.u_mem.bank1[31]$2048 ($dff) from module ntt_top (D = \u_core.u_mem.wd1, Q = \u_core.u_mem.bank1[31]).
Adding EN signal on $memory\u_core.u_mem.bank1[32]$2050 ($dff) from module ntt_top (D = \u_core.u_mem.wd1, Q = \u_core.u_mem.bank1[32]).
Adding EN signal on $memory\u_core.u_mem.bank1[33]$2052 ($dff) from module ntt_top (D = \u_core.u_mem.wd1, Q = \u_core.u_mem.bank1[33]).
Adding EN signal on $memory\u_core.u_mem.bank1[34]$2054 ($dff) from module ntt_top (D = \u_core.u_mem.wd1, Q = \u_core.u_mem.bank1[34]).
Adding EN signal on $memory\u_core.u_mem.bank1[35]$2056 ($dff) from module ntt_top (D = \u_core.u_mem.wd1, Q = \u_core.u_mem.bank1[35]).
Adding EN signal on $memory\u_core.u_mem.bank1[36]$2058 ($dff) from module ntt_top (D = \u_core.u_mem.wd1, Q = \u_core.u_mem.bank1[36]).
Adding EN signal on $memory\u_core.u_mem.bank1[37]$2060 ($dff) from module ntt_top (D = \u_core.u_mem.wd1, Q = \u_core.u_mem.bank1[37]).
Adding EN signal on $memory\u_core.u_mem.bank1[38]$2062 ($dff) from module ntt_top (D = \u_core.u_mem.wd1, Q = \u_core.u_mem.bank1[38]).
Adding EN signal on $memory\u_core.u_mem.bank1[39]$2064 ($dff) from module ntt_top (D = \u_core.u_mem.wd1, Q = \u_core.u_mem.bank1[39]).
Adding EN signal on $memory\u_core.u_mem.bank1[40]$2066 ($dff) from module ntt_top (D = \u_core.u_mem.wd1, Q = \u_core.u_mem.bank1[40]).
Adding EN signal on $memory\u_core.u_mem.bank1[41]$2068 ($dff) from module ntt_top (D = \u_core.u_mem.wd1, Q = \u_core.u_mem.bank1[41]).
Adding EN signal on $memory\u_core.u_mem.bank1[42]$2070 ($dff) from module ntt_top (D = \u_core.u_mem.wd1, Q = \u_core.u_mem.bank1[42]).
Adding EN signal on $memory\u_core.u_mem.bank1[43]$2072 ($dff) from module ntt_top (D = \u_core.u_mem.wd1, Q = \u_core.u_mem.bank1[43]).
Adding EN signal on $memory\u_core.u_mem.bank1[44]$2074 ($dff) from module ntt_top (D = \u_core.u_mem.wd1, Q = \u_core.u_mem.bank1[44]).
Adding EN signal on $memory\u_core.u_mem.bank1[45]$2076 ($dff) from module ntt_top (D = \u_core.u_mem.wd1, Q = \u_core.u_mem.bank1[45]).
Adding EN signal on $memory\u_core.u_mem.bank1[46]$2078 ($dff) from module ntt_top (D = \u_core.u_mem.wd1, Q = \u_core.u_mem.bank1[46]).
Adding EN signal on $memory\u_core.u_mem.bank1[47]$2080 ($dff) from module ntt_top (D = \u_core.u_mem.wd1, Q = \u_core.u_mem.bank1[47]).
Adding EN signal on $memory\u_core.u_mem.bank1[48]$2082 ($dff) from module ntt_top (D = \u_core.u_mem.wd1, Q = \u_core.u_mem.bank1[48]).
Adding EN signal on $memory\u_core.u_mem.bank1[49]$2084 ($dff) from module ntt_top (D = \u_core.u_mem.wd1, Q = \u_core.u_mem.bank1[49]).
Adding EN signal on $memory\u_core.u_mem.bank1[50]$2086 ($dff) from module ntt_top (D = \u_core.u_mem.wd1, Q = \u_core.u_mem.bank1[50]).
Adding EN signal on $memory\u_core.u_mem.bank1[51]$2088 ($dff) from module ntt_top (D = \u_core.u_mem.wd1, Q = \u_core.u_mem.bank1[51]).
Adding EN signal on $memory\u_core.u_mem.bank1[52]$2090 ($dff) from module ntt_top (D = \u_core.u_mem.wd1, Q = \u_core.u_mem.bank1[52]).
Adding EN signal on $memory\u_core.u_mem.bank1[53]$2092 ($dff) from module ntt_top (D = \u_core.u_mem.wd1, Q = \u_core.u_mem.bank1[53]).
Adding EN signal on $memory\u_core.u_mem.bank1[54]$2094 ($dff) from module ntt_top (D = \u_core.u_mem.wd1, Q = \u_core.u_mem.bank1[54]).
Adding EN signal on $memory\u_core.u_mem.bank1[55]$2096 ($dff) from module ntt_top (D = \u_core.u_mem.wd1, Q = \u_core.u_mem.bank1[55]).
Adding EN signal on $memory\u_core.u_mem.bank1[56]$2098 ($dff) from module ntt_top (D = \u_core.u_mem.wd1, Q = \u_core.u_mem.bank1[56]).
Adding EN signal on $memory\u_core.u_mem.bank1[57]$2100 ($dff) from module ntt_top (D = \u_core.u_mem.wd1, Q = \u_core.u_mem.bank1[57]).
Adding EN signal on $memory\u_core.u_mem.bank1[58]$2102 ($dff) from module ntt_top (D = \u_core.u_mem.wd1, Q = \u_core.u_mem.bank1[58]).
Adding EN signal on $memory\u_core.u_mem.bank1[59]$2104 ($dff) from module ntt_top (D = \u_core.u_mem.wd1, Q = \u_core.u_mem.bank1[59]).
Adding EN signal on $memory\u_core.u_mem.bank1[60]$2106 ($dff) from module ntt_top (D = \u_core.u_mem.wd1, Q = \u_core.u_mem.bank1[60]).
Adding EN signal on $memory\u_core.u_mem.bank1[61]$2108 ($dff) from module ntt_top (D = \u_core.u_mem.wd1, Q = \u_core.u_mem.bank1[61]).
Adding EN signal on $memory\u_core.u_mem.bank1[62]$2110 ($dff) from module ntt_top (D = \u_core.u_mem.wd1, Q = \u_core.u_mem.bank1[62]).
Adding EN signal on $memory\u_core.u_mem.bank1[63]$2112 ($dff) from module ntt_top (D = \u_core.u_mem.wd1, Q = \u_core.u_mem.bank1[63]).
Adding EN signal on $memory\u_core.u_mem.bank1[64]$2114 ($dff) from module ntt_top (D = \u_core.u_mem.wd1, Q = \u_core.u_mem.bank1[64]).
Adding EN signal on $memory\u_core.u_mem.bank1[65]$2116 ($dff) from module ntt_top (D = \u_core.u_mem.wd1, Q = \u_core.u_mem.bank1[65]).
Adding EN signal on $memory\u_core.u_mem.bank1[66]$2118 ($dff) from module ntt_top (D = \u_core.u_mem.wd1, Q = \u_core.u_mem.bank1[66]).
Adding EN signal on $memory\u_core.u_mem.bank1[67]$2120 ($dff) from module ntt_top (D = \u_core.u_mem.wd1, Q = \u_core.u_mem.bank1[67]).
Adding EN signal on $memory\u_core.u_mem.bank1[68]$2122 ($dff) from module ntt_top (D = \u_core.u_mem.wd1, Q = \u_core.u_mem.bank1[68]).
Adding EN signal on $memory\u_core.u_mem.bank1[69]$2124 ($dff) from module ntt_top (D = \u_core.u_mem.wd1, Q = \u_core.u_mem.bank1[69]).
Adding EN signal on $memory\u_core.u_mem.bank1[70]$2126 ($dff) from module ntt_top (D = \u_core.u_mem.wd1, Q = \u_core.u_mem.bank1[70]).
Adding EN signal on $memory\u_core.u_mem.bank1[71]$2128 ($dff) from module ntt_top (D = \u_core.u_mem.wd1, Q = \u_core.u_mem.bank1[71]).
Adding EN signal on $memory\u_core.u_mem.bank1[72]$2130 ($dff) from module ntt_top (D = \u_core.u_mem.wd1, Q = \u_core.u_mem.bank1[72]).
Adding EN signal on $memory\u_core.u_mem.bank1[73]$2132 ($dff) from module ntt_top (D = \u_core.u_mem.wd1, Q = \u_core.u_mem.bank1[73]).
Adding EN signal on $memory\u_core.u_mem.bank1[74]$2134 ($dff) from module ntt_top (D = \u_core.u_mem.wd1, Q = \u_core.u_mem.bank1[74]).
Adding EN signal on $memory\u_core.u_mem.bank1[75]$2136 ($dff) from module ntt_top (D = \u_core.u_mem.wd1, Q = \u_core.u_mem.bank1[75]).
Adding EN signal on $memory\u_core.u_mem.bank1[76]$2138 ($dff) from module ntt_top (D = \u_core.u_mem.wd1, Q = \u_core.u_mem.bank1[76]).
Adding EN signal on $memory\u_core.u_mem.bank1[77]$2140 ($dff) from module ntt_top (D = \u_core.u_mem.wd1, Q = \u_core.u_mem.bank1[77]).
Adding EN signal on $memory\u_core.u_mem.bank1[78]$2142 ($dff) from module ntt_top (D = \u_core.u_mem.wd1, Q = \u_core.u_mem.bank1[78]).
Adding EN signal on $memory\u_core.u_mem.bank1[79]$2144 ($dff) from module ntt_top (D = \u_core.u_mem.wd1, Q = \u_core.u_mem.bank1[79]).
Adding EN signal on $memory\u_core.u_mem.bank1[80]$2146 ($dff) from module ntt_top (D = \u_core.u_mem.wd1, Q = \u_core.u_mem.bank1[80]).
Adding EN signal on $memory\u_core.u_mem.bank1[81]$2148 ($dff) from module ntt_top (D = \u_core.u_mem.wd1, Q = \u_core.u_mem.bank1[81]).
Adding EN signal on $memory\u_core.u_mem.bank1[82]$2150 ($dff) from module ntt_top (D = \u_core.u_mem.wd1, Q = \u_core.u_mem.bank1[82]).
Adding EN signal on $memory\u_core.u_mem.bank1[83]$2152 ($dff) from module ntt_top (D = \u_core.u_mem.wd1, Q = \u_core.u_mem.bank1[83]).
Adding EN signal on $memory\u_core.u_mem.bank1[84]$2154 ($dff) from module ntt_top (D = \u_core.u_mem.wd1, Q = \u_core.u_mem.bank1[84]).
Adding EN signal on $memory\u_core.u_mem.bank1[85]$2156 ($dff) from module ntt_top (D = \u_core.u_mem.wd1, Q = \u_core.u_mem.bank1[85]).
Adding EN signal on $memory\u_core.u_mem.bank1[86]$2158 ($dff) from module ntt_top (D = \u_core.u_mem.wd1, Q = \u_core.u_mem.bank1[86]).
Adding EN signal on $memory\u_core.u_mem.bank1[87]$2160 ($dff) from module ntt_top (D = \u_core.u_mem.wd1, Q = \u_core.u_mem.bank1[87]).
Adding EN signal on $memory\u_core.u_mem.bank1[88]$2162 ($dff) from module ntt_top (D = \u_core.u_mem.wd1, Q = \u_core.u_mem.bank1[88]).
Adding EN signal on $memory\u_core.u_mem.bank1[89]$2164 ($dff) from module ntt_top (D = \u_core.u_mem.wd1, Q = \u_core.u_mem.bank1[89]).
Adding EN signal on $memory\u_core.u_mem.bank1[90]$2166 ($dff) from module ntt_top (D = \u_core.u_mem.wd1, Q = \u_core.u_mem.bank1[90]).
Adding EN signal on $memory\u_core.u_mem.bank1[91]$2168 ($dff) from module ntt_top (D = \u_core.u_mem.wd1, Q = \u_core.u_mem.bank1[91]).
Adding EN signal on $memory\u_core.u_mem.bank1[92]$2170 ($dff) from module ntt_top (D = \u_core.u_mem.wd1, Q = \u_core.u_mem.bank1[92]).
Adding EN signal on $memory\u_core.u_mem.bank1[93]$2172 ($dff) from module ntt_top (D = \u_core.u_mem.wd1, Q = \u_core.u_mem.bank1[93]).
Adding EN signal on $memory\u_core.u_mem.bank1[94]$2174 ($dff) from module ntt_top (D = \u_core.u_mem.wd1, Q = \u_core.u_mem.bank1[94]).
Adding EN signal on $memory\u_core.u_mem.bank1[95]$2176 ($dff) from module ntt_top (D = \u_core.u_mem.wd1, Q = \u_core.u_mem.bank1[95]).
Adding EN signal on $memory\u_core.u_mem.bank1[96]$2178 ($dff) from module ntt_top (D = \u_core.u_mem.wd1, Q = \u_core.u_mem.bank1[96]).
Adding EN signal on $memory\u_core.u_mem.bank1[97]$2180 ($dff) from module ntt_top (D = \u_core.u_mem.wd1, Q = \u_core.u_mem.bank1[97]).
Adding EN signal on $memory\u_core.u_mem.bank1[98]$2182 ($dff) from module ntt_top (D = \u_core.u_mem.wd1, Q = \u_core.u_mem.bank1[98]).
Adding EN signal on $memory\u_core.u_mem.bank1[99]$2184 ($dff) from module ntt_top (D = \u_core.u_mem.wd1, Q = \u_core.u_mem.bank1[99]).
Adding EN signal on $memory\u_core.u_mem.bank1[100]$2186 ($dff) from module ntt_top (D = \u_core.u_mem.wd1, Q = \u_core.u_mem.bank1[100]).
Adding EN signal on $memory\u_core.u_mem.bank1[101]$2188 ($dff) from module ntt_top (D = \u_core.u_mem.wd1, Q = \u_core.u_mem.bank1[101]).
Adding EN signal on $memory\u_core.u_mem.bank1[102]$2190 ($dff) from module ntt_top (D = \u_core.u_mem.wd1, Q = \u_core.u_mem.bank1[102]).
Adding EN signal on $memory\u_core.u_mem.bank1[103]$2192 ($dff) from module ntt_top (D = \u_core.u_mem.wd1, Q = \u_core.u_mem.bank1[103]).
Adding EN signal on $memory\u_core.u_mem.bank1[104]$2194 ($dff) from module ntt_top (D = \u_core.u_mem.wd1, Q = \u_core.u_mem.bank1[104]).
Adding EN signal on $memory\u_core.u_mem.bank1[105]$2196 ($dff) from module ntt_top (D = \u_core.u_mem.wd1, Q = \u_core.u_mem.bank1[105]).
Adding EN signal on $memory\u_core.u_mem.bank1[106]$2198 ($dff) from module ntt_top (D = \u_core.u_mem.wd1, Q = \u_core.u_mem.bank1[106]).
Adding EN signal on $memory\u_core.u_mem.bank1[107]$2200 ($dff) from module ntt_top (D = \u_core.u_mem.wd1, Q = \u_core.u_mem.bank1[107]).
Adding EN signal on $memory\u_core.u_mem.bank1[108]$2202 ($dff) from module ntt_top (D = \u_core.u_mem.wd1, Q = \u_core.u_mem.bank1[108]).
Adding EN signal on $memory\u_core.u_mem.bank1[109]$2204 ($dff) from module ntt_top (D = \u_core.u_mem.wd1, Q = \u_core.u_mem.bank1[109]).
Adding EN signal on $memory\u_core.u_mem.bank1[110]$2206 ($dff) from module ntt_top (D = \u_core.u_mem.wd1, Q = \u_core.u_mem.bank1[110]).
Adding EN signal on $memory\u_core.u_mem.bank1[111]$2208 ($dff) from module ntt_top (D = \u_core.u_mem.wd1, Q = \u_core.u_mem.bank1[111]).
Adding EN signal on $memory\u_core.u_mem.bank1[112]$2210 ($dff) from module ntt_top (D = \u_core.u_mem.wd1, Q = \u_core.u_mem.bank1[112]).
Adding EN signal on $memory\u_core.u_mem.bank1[113]$2212 ($dff) from module ntt_top (D = \u_core.u_mem.wd1, Q = \u_core.u_mem.bank1[113]).
Adding EN signal on $memory\u_core.u_mem.bank1[114]$2214 ($dff) from module ntt_top (D = \u_core.u_mem.wd1, Q = \u_core.u_mem.bank1[114]).
Adding EN signal on $memory\u_core.u_mem.bank1[115]$2216 ($dff) from module ntt_top (D = \u_core.u_mem.wd1, Q = \u_core.u_mem.bank1[115]).
Adding EN signal on $memory\u_core.u_mem.bank1[116]$2218 ($dff) from module ntt_top (D = \u_core.u_mem.wd1, Q = \u_core.u_mem.bank1[116]).
Adding EN signal on $memory\u_core.u_mem.bank1[117]$2220 ($dff) from module ntt_top (D = \u_core.u_mem.wd1, Q = \u_core.u_mem.bank1[117]).
Adding EN signal on $memory\u_core.u_mem.bank1[118]$2222 ($dff) from module ntt_top (D = \u_core.u_mem.wd1, Q = \u_core.u_mem.bank1[118]).
Adding EN signal on $memory\u_core.u_mem.bank1[119]$2224 ($dff) from module ntt_top (D = \u_core.u_mem.wd1, Q = \u_core.u_mem.bank1[119]).
Adding EN signal on $memory\u_core.u_mem.bank1[120]$2226 ($dff) from module ntt_top (D = \u_core.u_mem.wd1, Q = \u_core.u_mem.bank1[120]).
Adding EN signal on $memory\u_core.u_mem.bank1[121]$2228 ($dff) from module ntt_top (D = \u_core.u_mem.wd1, Q = \u_core.u_mem.bank1[121]).
Adding EN signal on $memory\u_core.u_mem.bank1[122]$2230 ($dff) from module ntt_top (D = \u_core.u_mem.wd1, Q = \u_core.u_mem.bank1[122]).
Adding EN signal on $memory\u_core.u_mem.bank1[123]$2232 ($dff) from module ntt_top (D = \u_core.u_mem.wd1, Q = \u_core.u_mem.bank1[123]).
Adding EN signal on $memory\u_core.u_mem.bank1[124]$2234 ($dff) from module ntt_top (D = \u_core.u_mem.wd1, Q = \u_core.u_mem.bank1[124]).
Adding EN signal on $memory\u_core.u_mem.bank1[125]$2236 ($dff) from module ntt_top (D = \u_core.u_mem.wd1, Q = \u_core.u_mem.bank1[125]).
Adding EN signal on $memory\u_core.u_mem.bank1[126]$2238 ($dff) from module ntt_top (D = \u_core.u_mem.wd1, Q = \u_core.u_mem.bank1[126]).
Adding EN signal on $memory\u_core.u_mem.bank1[127]$2240 ($dff) from module ntt_top (D = \u_core.u_mem.wd1, Q = \u_core.u_mem.bank1[127]).
Adding EN signal on $memory\u_core.u_mem.bank0[0]$3491 ($dff) from module ntt_top (D = \u_core.u_mem.wd0, Q = \u_core.u_mem.bank0[0]).
Adding EN signal on $memory\u_core.u_mem.bank0[1]$3493 ($dff) from module ntt_top (D = \u_core.u_mem.wd0, Q = \u_core.u_mem.bank0[1]).
Adding EN signal on $memory\u_core.u_mem.bank0[2]$3495 ($dff) from module ntt_top (D = \u_core.u_mem.wd0, Q = \u_core.u_mem.bank0[2]).
Adding EN signal on $memory\u_core.u_mem.bank0[3]$3497 ($dff) from module ntt_top (D = \u_core.u_mem.wd0, Q = \u_core.u_mem.bank0[3]).
Adding EN signal on $memory\u_core.u_mem.bank0[4]$3499 ($dff) from module ntt_top (D = \u_core.u_mem.wd0, Q = \u_core.u_mem.bank0[4]).
Adding EN signal on $memory\u_core.u_mem.bank0[5]$3501 ($dff) from module ntt_top (D = \u_core.u_mem.wd0, Q = \u_core.u_mem.bank0[5]).
Adding EN signal on $memory\u_core.u_mem.bank0[6]$3503 ($dff) from module ntt_top (D = \u_core.u_mem.wd0, Q = \u_core.u_mem.bank0[6]).
Adding EN signal on $memory\u_core.u_mem.bank0[7]$3505 ($dff) from module ntt_top (D = \u_core.u_mem.wd0, Q = \u_core.u_mem.bank0[7]).
Adding EN signal on $memory\u_core.u_mem.bank0[8]$3507 ($dff) from module ntt_top (D = \u_core.u_mem.wd0, Q = \u_core.u_mem.bank0[8]).
Adding EN signal on $memory\u_core.u_mem.bank0[9]$3509 ($dff) from module ntt_top (D = \u_core.u_mem.wd0, Q = \u_core.u_mem.bank0[9]).
Adding EN signal on $memory\u_core.u_mem.bank0[10]$3511 ($dff) from module ntt_top (D = \u_core.u_mem.wd0, Q = \u_core.u_mem.bank0[10]).
Adding EN signal on $memory\u_core.u_mem.bank0[11]$3513 ($dff) from module ntt_top (D = \u_core.u_mem.wd0, Q = \u_core.u_mem.bank0[11]).
Adding EN signal on $memory\u_core.u_mem.bank0[12]$3515 ($dff) from module ntt_top (D = \u_core.u_mem.wd0, Q = \u_core.u_mem.bank0[12]).
Adding EN signal on $memory\u_core.u_mem.bank0[13]$3517 ($dff) from module ntt_top (D = \u_core.u_mem.wd0, Q = \u_core.u_mem.bank0[13]).
Adding EN signal on $memory\u_core.u_mem.bank0[14]$3519 ($dff) from module ntt_top (D = \u_core.u_mem.wd0, Q = \u_core.u_mem.bank0[14]).
Adding EN signal on $memory\u_core.u_mem.bank0[15]$3521 ($dff) from module ntt_top (D = \u_core.u_mem.wd0, Q = \u_core.u_mem.bank0[15]).
Adding EN signal on $memory\u_core.u_mem.bank0[16]$3523 ($dff) from module ntt_top (D = \u_core.u_mem.wd0, Q = \u_core.u_mem.bank0[16]).
Adding EN signal on $memory\u_core.u_mem.bank0[17]$3525 ($dff) from module ntt_top (D = \u_core.u_mem.wd0, Q = \u_core.u_mem.bank0[17]).
Adding EN signal on $memory\u_core.u_mem.bank0[18]$3527 ($dff) from module ntt_top (D = \u_core.u_mem.wd0, Q = \u_core.u_mem.bank0[18]).
Adding EN signal on $memory\u_core.u_mem.bank0[19]$3529 ($dff) from module ntt_top (D = \u_core.u_mem.wd0, Q = \u_core.u_mem.bank0[19]).
Adding EN signal on $memory\u_core.u_mem.bank0[20]$3531 ($dff) from module ntt_top (D = \u_core.u_mem.wd0, Q = \u_core.u_mem.bank0[20]).
Adding EN signal on $memory\u_core.u_mem.bank0[21]$3533 ($dff) from module ntt_top (D = \u_core.u_mem.wd0, Q = \u_core.u_mem.bank0[21]).
Adding EN signal on $memory\u_core.u_mem.bank0[22]$3535 ($dff) from module ntt_top (D = \u_core.u_mem.wd0, Q = \u_core.u_mem.bank0[22]).
Adding EN signal on $memory\u_core.u_mem.bank0[23]$3537 ($dff) from module ntt_top (D = \u_core.u_mem.wd0, Q = \u_core.u_mem.bank0[23]).
Adding EN signal on $memory\u_core.u_mem.bank0[24]$3539 ($dff) from module ntt_top (D = \u_core.u_mem.wd0, Q = \u_core.u_mem.bank0[24]).
Adding EN signal on $memory\u_core.u_mem.bank0[25]$3541 ($dff) from module ntt_top (D = \u_core.u_mem.wd0, Q = \u_core.u_mem.bank0[25]).
Adding EN signal on $memory\u_core.u_mem.bank0[26]$3543 ($dff) from module ntt_top (D = \u_core.u_mem.wd0, Q = \u_core.u_mem.bank0[26]).
Adding EN signal on $memory\u_core.u_mem.bank0[27]$3545 ($dff) from module ntt_top (D = \u_core.u_mem.wd0, Q = \u_core.u_mem.bank0[27]).
Adding EN signal on $memory\u_core.u_mem.bank0[28]$3547 ($dff) from module ntt_top (D = \u_core.u_mem.wd0, Q = \u_core.u_mem.bank0[28]).
Adding EN signal on $memory\u_core.u_mem.bank0[29]$3549 ($dff) from module ntt_top (D = \u_core.u_mem.wd0, Q = \u_core.u_mem.bank0[29]).
Adding EN signal on $memory\u_core.u_mem.bank0[30]$3551 ($dff) from module ntt_top (D = \u_core.u_mem.wd0, Q = \u_core.u_mem.bank0[30]).
Adding EN signal on $memory\u_core.u_mem.bank0[31]$3553 ($dff) from module ntt_top (D = \u_core.u_mem.wd0, Q = \u_core.u_mem.bank0[31]).
Adding EN signal on $memory\u_core.u_mem.bank0[32]$3555 ($dff) from module ntt_top (D = \u_core.u_mem.wd0, Q = \u_core.u_mem.bank0[32]).
Adding EN signal on $memory\u_core.u_mem.bank0[33]$3557 ($dff) from module ntt_top (D = \u_core.u_mem.wd0, Q = \u_core.u_mem.bank0[33]).
Adding EN signal on $memory\u_core.u_mem.bank0[34]$3559 ($dff) from module ntt_top (D = \u_core.u_mem.wd0, Q = \u_core.u_mem.bank0[34]).
Adding EN signal on $memory\u_core.u_mem.bank0[35]$3561 ($dff) from module ntt_top (D = \u_core.u_mem.wd0, Q = \u_core.u_mem.bank0[35]).
Adding EN signal on $memory\u_core.u_mem.bank0[36]$3563 ($dff) from module ntt_top (D = \u_core.u_mem.wd0, Q = \u_core.u_mem.bank0[36]).
Adding EN signal on $memory\u_core.u_mem.bank0[37]$3565 ($dff) from module ntt_top (D = \u_core.u_mem.wd0, Q = \u_core.u_mem.bank0[37]).
Adding EN signal on $memory\u_core.u_mem.bank0[38]$3567 ($dff) from module ntt_top (D = \u_core.u_mem.wd0, Q = \u_core.u_mem.bank0[38]).
Adding EN signal on $memory\u_core.u_mem.bank0[39]$3569 ($dff) from module ntt_top (D = \u_core.u_mem.wd0, Q = \u_core.u_mem.bank0[39]).
Adding EN signal on $memory\u_core.u_mem.bank0[40]$3571 ($dff) from module ntt_top (D = \u_core.u_mem.wd0, Q = \u_core.u_mem.bank0[40]).
Adding EN signal on $memory\u_core.u_mem.bank0[41]$3573 ($dff) from module ntt_top (D = \u_core.u_mem.wd0, Q = \u_core.u_mem.bank0[41]).
Adding EN signal on $memory\u_core.u_mem.bank0[42]$3575 ($dff) from module ntt_top (D = \u_core.u_mem.wd0, Q = \u_core.u_mem.bank0[42]).
Adding EN signal on $memory\u_core.u_mem.bank0[43]$3577 ($dff) from module ntt_top (D = \u_core.u_mem.wd0, Q = \u_core.u_mem.bank0[43]).
Adding EN signal on $memory\u_core.u_mem.bank0[44]$3579 ($dff) from module ntt_top (D = \u_core.u_mem.wd0, Q = \u_core.u_mem.bank0[44]).
Adding EN signal on $memory\u_core.u_mem.bank0[45]$3581 ($dff) from module ntt_top (D = \u_core.u_mem.wd0, Q = \u_core.u_mem.bank0[45]).
Adding EN signal on $memory\u_core.u_mem.bank0[46]$3583 ($dff) from module ntt_top (D = \u_core.u_mem.wd0, Q = \u_core.u_mem.bank0[46]).
Adding EN signal on $memory\u_core.u_mem.bank0[47]$3585 ($dff) from module ntt_top (D = \u_core.u_mem.wd0, Q = \u_core.u_mem.bank0[47]).
Adding EN signal on $memory\u_core.u_mem.bank0[48]$3587 ($dff) from module ntt_top (D = \u_core.u_mem.wd0, Q = \u_core.u_mem.bank0[48]).
Adding EN signal on $memory\u_core.u_mem.bank0[49]$3589 ($dff) from module ntt_top (D = \u_core.u_mem.wd0, Q = \u_core.u_mem.bank0[49]).
Adding EN signal on $memory\u_core.u_mem.bank0[50]$3591 ($dff) from module ntt_top (D = \u_core.u_mem.wd0, Q = \u_core.u_mem.bank0[50]).
Adding EN signal on $memory\u_core.u_mem.bank0[51]$3593 ($dff) from module ntt_top (D = \u_core.u_mem.wd0, Q = \u_core.u_mem.bank0[51]).
Adding EN signal on $memory\u_core.u_mem.bank0[52]$3595 ($dff) from module ntt_top (D = \u_core.u_mem.wd0, Q = \u_core.u_mem.bank0[52]).
Adding EN signal on $memory\u_core.u_mem.bank0[53]$3597 ($dff) from module ntt_top (D = \u_core.u_mem.wd0, Q = \u_core.u_mem.bank0[53]).
Adding EN signal on $memory\u_core.u_mem.bank0[54]$3599 ($dff) from module ntt_top (D = \u_core.u_mem.wd0, Q = \u_core.u_mem.bank0[54]).
Adding EN signal on $memory\u_core.u_mem.bank0[55]$3601 ($dff) from module ntt_top (D = \u_core.u_mem.wd0, Q = \u_core.u_mem.bank0[55]).
Adding EN signal on $memory\u_core.u_mem.bank0[56]$3603 ($dff) from module ntt_top (D = \u_core.u_mem.wd0, Q = \u_core.u_mem.bank0[56]).
Adding EN signal on $memory\u_core.u_mem.bank0[57]$3605 ($dff) from module ntt_top (D = \u_core.u_mem.wd0, Q = \u_core.u_mem.bank0[57]).
Adding EN signal on $memory\u_core.u_mem.bank0[58]$3607 ($dff) from module ntt_top (D = \u_core.u_mem.wd0, Q = \u_core.u_mem.bank0[58]).
Adding EN signal on $memory\u_core.u_mem.bank0[59]$3609 ($dff) from module ntt_top (D = \u_core.u_mem.wd0, Q = \u_core.u_mem.bank0[59]).
Adding EN signal on $memory\u_core.u_mem.bank0[60]$3611 ($dff) from module ntt_top (D = \u_core.u_mem.wd0, Q = \u_core.u_mem.bank0[60]).
Adding EN signal on $memory\u_core.u_mem.bank0[61]$3613 ($dff) from module ntt_top (D = \u_core.u_mem.wd0, Q = \u_core.u_mem.bank0[61]).
Adding EN signal on $memory\u_core.u_mem.bank0[62]$3615 ($dff) from module ntt_top (D = \u_core.u_mem.wd0, Q = \u_core.u_mem.bank0[62]).
Adding EN signal on $memory\u_core.u_mem.bank0[63]$3617 ($dff) from module ntt_top (D = \u_core.u_mem.wd0, Q = \u_core.u_mem.bank0[63]).
Adding EN signal on $memory\u_core.u_mem.bank0[64]$3619 ($dff) from module ntt_top (D = \u_core.u_mem.wd0, Q = \u_core.u_mem.bank0[64]).
Adding EN signal on $memory\u_core.u_mem.bank0[65]$3621 ($dff) from module ntt_top (D = \u_core.u_mem.wd0, Q = \u_core.u_mem.bank0[65]).
Adding EN signal on $memory\u_core.u_mem.bank0[66]$3623 ($dff) from module ntt_top (D = \u_core.u_mem.wd0, Q = \u_core.u_mem.bank0[66]).
Adding EN signal on $memory\u_core.u_mem.bank0[67]$3625 ($dff) from module ntt_top (D = \u_core.u_mem.wd0, Q = \u_core.u_mem.bank0[67]).
Adding EN signal on $memory\u_core.u_mem.bank0[68]$3627 ($dff) from module ntt_top (D = \u_core.u_mem.wd0, Q = \u_core.u_mem.bank0[68]).
Adding EN signal on $memory\u_core.u_mem.bank0[69]$3629 ($dff) from module ntt_top (D = \u_core.u_mem.wd0, Q = \u_core.u_mem.bank0[69]).
Adding EN signal on $memory\u_core.u_mem.bank0[70]$3631 ($dff) from module ntt_top (D = \u_core.u_mem.wd0, Q = \u_core.u_mem.bank0[70]).
Adding EN signal on $memory\u_core.u_mem.bank0[71]$3633 ($dff) from module ntt_top (D = \u_core.u_mem.wd0, Q = \u_core.u_mem.bank0[71]).
Adding EN signal on $memory\u_core.u_mem.bank0[72]$3635 ($dff) from module ntt_top (D = \u_core.u_mem.wd0, Q = \u_core.u_mem.bank0[72]).
Adding EN signal on $memory\u_core.u_mem.bank0[73]$3637 ($dff) from module ntt_top (D = \u_core.u_mem.wd0, Q = \u_core.u_mem.bank0[73]).
Adding EN signal on $memory\u_core.u_mem.bank0[74]$3639 ($dff) from module ntt_top (D = \u_core.u_mem.wd0, Q = \u_core.u_mem.bank0[74]).
Adding EN signal on $memory\u_core.u_mem.bank0[75]$3641 ($dff) from module ntt_top (D = \u_core.u_mem.wd0, Q = \u_core.u_mem.bank0[75]).
Adding EN signal on $memory\u_core.u_mem.bank0[76]$3643 ($dff) from module ntt_top (D = \u_core.u_mem.wd0, Q = \u_core.u_mem.bank0[76]).
Adding EN signal on $memory\u_core.u_mem.bank0[77]$3645 ($dff) from module ntt_top (D = \u_core.u_mem.wd0, Q = \u_core.u_mem.bank0[77]).
Adding EN signal on $memory\u_core.u_mem.bank0[78]$3647 ($dff) from module ntt_top (D = \u_core.u_mem.wd0, Q = \u_core.u_mem.bank0[78]).
Adding EN signal on $memory\u_core.u_mem.bank0[79]$3649 ($dff) from module ntt_top (D = \u_core.u_mem.wd0, Q = \u_core.u_mem.bank0[79]).
Adding EN signal on $memory\u_core.u_mem.bank0[80]$3651 ($dff) from module ntt_top (D = \u_core.u_mem.wd0, Q = \u_core.u_mem.bank0[80]).
Adding EN signal on $memory\u_core.u_mem.bank0[81]$3653 ($dff) from module ntt_top (D = \u_core.u_mem.wd0, Q = \u_core.u_mem.bank0[81]).
Adding EN signal on $memory\u_core.u_mem.bank0[82]$3655 ($dff) from module ntt_top (D = \u_core.u_mem.wd0, Q = \u_core.u_mem.bank0[82]).
Adding EN signal on $memory\u_core.u_mem.bank0[83]$3657 ($dff) from module ntt_top (D = \u_core.u_mem.wd0, Q = \u_core.u_mem.bank0[83]).
Adding EN signal on $memory\u_core.u_mem.bank0[84]$3659 ($dff) from module ntt_top (D = \u_core.u_mem.wd0, Q = \u_core.u_mem.bank0[84]).
Adding EN signal on $memory\u_core.u_mem.bank0[85]$3661 ($dff) from module ntt_top (D = \u_core.u_mem.wd0, Q = \u_core.u_mem.bank0[85]).
Adding EN signal on $memory\u_core.u_mem.bank0[86]$3663 ($dff) from module ntt_top (D = \u_core.u_mem.wd0, Q = \u_core.u_mem.bank0[86]).
Adding EN signal on $memory\u_core.u_mem.bank0[87]$3665 ($dff) from module ntt_top (D = \u_core.u_mem.wd0, Q = \u_core.u_mem.bank0[87]).
Adding EN signal on $memory\u_core.u_mem.bank0[88]$3667 ($dff) from module ntt_top (D = \u_core.u_mem.wd0, Q = \u_core.u_mem.bank0[88]).
Adding EN signal on $memory\u_core.u_mem.bank0[89]$3669 ($dff) from module ntt_top (D = \u_core.u_mem.wd0, Q = \u_core.u_mem.bank0[89]).
Adding EN signal on $memory\u_core.u_mem.bank0[90]$3671 ($dff) from module ntt_top (D = \u_core.u_mem.wd0, Q = \u_core.u_mem.bank0[90]).
Adding EN signal on $memory\u_core.u_mem.bank0[91]$3673 ($dff) from module ntt_top (D = \u_core.u_mem.wd0, Q = \u_core.u_mem.bank0[91]).
Adding EN signal on $memory\u_core.u_mem.bank0[92]$3675 ($dff) from module ntt_top (D = \u_core.u_mem.wd0, Q = \u_core.u_mem.bank0[92]).
Adding EN signal on $memory\u_core.u_mem.bank0[93]$3677 ($dff) from module ntt_top (D = \u_core.u_mem.wd0, Q = \u_core.u_mem.bank0[93]).
Adding EN signal on $memory\u_core.u_mem.bank0[94]$3679 ($dff) from module ntt_top (D = \u_core.u_mem.wd0, Q = \u_core.u_mem.bank0[94]).
Adding EN signal on $memory\u_core.u_mem.bank0[95]$3681 ($dff) from module ntt_top (D = \u_core.u_mem.wd0, Q = \u_core.u_mem.bank0[95]).
Adding EN signal on $memory\u_core.u_mem.bank0[96]$3683 ($dff) from module ntt_top (D = \u_core.u_mem.wd0, Q = \u_core.u_mem.bank0[96]).
Adding EN signal on $memory\u_core.u_mem.bank0[97]$3685 ($dff) from module ntt_top (D = \u_core.u_mem.wd0, Q = \u_core.u_mem.bank0[97]).
Adding EN signal on $memory\u_core.u_mem.bank0[98]$3687 ($dff) from module ntt_top (D = \u_core.u_mem.wd0, Q = \u_core.u_mem.bank0[98]).
Adding EN signal on $memory\u_core.u_mem.bank0[99]$3689 ($dff) from module ntt_top (D = \u_core.u_mem.wd0, Q = \u_core.u_mem.bank0[99]).
Adding EN signal on $memory\u_core.u_mem.bank0[100]$3691 ($dff) from module ntt_top (D = \u_core.u_mem.wd0, Q = \u_core.u_mem.bank0[100]).
Adding EN signal on $memory\u_core.u_mem.bank0[101]$3693 ($dff) from module ntt_top (D = \u_core.u_mem.wd0, Q = \u_core.u_mem.bank0[101]).
Adding EN signal on $memory\u_core.u_mem.bank0[102]$3695 ($dff) from module ntt_top (D = \u_core.u_mem.wd0, Q = \u_core.u_mem.bank0[102]).
Adding EN signal on $memory\u_core.u_mem.bank0[103]$3697 ($dff) from module ntt_top (D = \u_core.u_mem.wd0, Q = \u_core.u_mem.bank0[103]).
Adding EN signal on $memory\u_core.u_mem.bank0[104]$3699 ($dff) from module ntt_top (D = \u_core.u_mem.wd0, Q = \u_core.u_mem.bank0[104]).
Adding EN signal on $memory\u_core.u_mem.bank0[105]$3701 ($dff) from module ntt_top (D = \u_core.u_mem.wd0, Q = \u_core.u_mem.bank0[105]).
Adding EN signal on $memory\u_core.u_mem.bank0[106]$3703 ($dff) from module ntt_top (D = \u_core.u_mem.wd0, Q = \u_core.u_mem.bank0[106]).
Adding EN signal on $memory\u_core.u_mem.bank0[107]$3705 ($dff) from module ntt_top (D = \u_core.u_mem.wd0, Q = \u_core.u_mem.bank0[107]).
Adding EN signal on $memory\u_core.u_mem.bank0[108]$3707 ($dff) from module ntt_top (D = \u_core.u_mem.wd0, Q = \u_core.u_mem.bank0[108]).
Adding EN signal on $memory\u_core.u_mem.bank0[109]$3709 ($dff) from module ntt_top (D = \u_core.u_mem.wd0, Q = \u_core.u_mem.bank0[109]).
Adding EN signal on $memory\u_core.u_mem.bank0[110]$3711 ($dff) from module ntt_top (D = \u_core.u_mem.wd0, Q = \u_core.u_mem.bank0[110]).
Adding EN signal on $memory\u_core.u_mem.bank0[111]$3713 ($dff) from module ntt_top (D = \u_core.u_mem.wd0, Q = \u_core.u_mem.bank0[111]).
Adding EN signal on $memory\u_core.u_mem.bank0[112]$3715 ($dff) from module ntt_top (D = \u_core.u_mem.wd0, Q = \u_core.u_mem.bank0[112]).
Adding EN signal on $memory\u_core.u_mem.bank0[113]$3717 ($dff) from module ntt_top (D = \u_core.u_mem.wd0, Q = \u_core.u_mem.bank0[113]).
Adding EN signal on $memory\u_core.u_mem.bank0[114]$3719 ($dff) from module ntt_top (D = \u_core.u_mem.wd0, Q = \u_core.u_mem.bank0[114]).
Adding EN signal on $memory\u_core.u_mem.bank0[115]$3721 ($dff) from module ntt_top (D = \u_core.u_mem.wd0, Q = \u_core.u_mem.bank0[115]).
Adding EN signal on $memory\u_core.u_mem.bank0[116]$3723 ($dff) from module ntt_top (D = \u_core.u_mem.wd0, Q = \u_core.u_mem.bank0[116]).
Adding EN signal on $memory\u_core.u_mem.bank0[117]$3725 ($dff) from module ntt_top (D = \u_core.u_mem.wd0, Q = \u_core.u_mem.bank0[117]).
Adding EN signal on $memory\u_core.u_mem.bank0[118]$3727 ($dff) from module ntt_top (D = \u_core.u_mem.wd0, Q = \u_core.u_mem.bank0[118]).
Adding EN signal on $memory\u_core.u_mem.bank0[119]$3729 ($dff) from module ntt_top (D = \u_core.u_mem.wd0, Q = \u_core.u_mem.bank0[119]).
Adding EN signal on $memory\u_core.u_mem.bank0[120]$3731 ($dff) from module ntt_top (D = \u_core.u_mem.wd0, Q = \u_core.u_mem.bank0[120]).
Adding EN signal on $memory\u_core.u_mem.bank0[121]$3733 ($dff) from module ntt_top (D = \u_core.u_mem.wd0, Q = \u_core.u_mem.bank0[121]).
Adding EN signal on $memory\u_core.u_mem.bank0[122]$3735 ($dff) from module ntt_top (D = \u_core.u_mem.wd0, Q = \u_core.u_mem.bank0[122]).
Adding EN signal on $memory\u_core.u_mem.bank0[123]$3737 ($dff) from module ntt_top (D = \u_core.u_mem.wd0, Q = \u_core.u_mem.bank0[123]).
Adding EN signal on $memory\u_core.u_mem.bank0[124]$3739 ($dff) from module ntt_top (D = \u_core.u_mem.wd0, Q = \u_core.u_mem.bank0[124]).
Adding EN signal on $memory\u_core.u_mem.bank0[125]$3741 ($dff) from module ntt_top (D = \u_core.u_mem.wd0, Q = \u_core.u_mem.bank0[125]).
Adding EN signal on $memory\u_core.u_mem.bank0[126]$3743 ($dff) from module ntt_top (D = \u_core.u_mem.wd0, Q = \u_core.u_mem.bank0[126]).
Adding EN signal on $memory\u_core.u_mem.bank0[127]$3745 ($dff) from module ntt_top (D = \u_core.u_mem.wd0, Q = \u_core.u_mem.bank0[127]).

11.21.16. Executing OPT_CLEAN pass (remove unused cells and wires).
Finding unused cells or wires in module \ntt_top..
Removed 256 unused cells and 262 unused wires.
<suppressed ~257 debug messages>

11.21.17. Executing OPT_EXPR pass (perform const folding).
Optimizing module ntt_top.
<suppressed ~1 debug messages>

11.21.18. Rerunning OPT passes. (Maybe there is more to do..)

11.21.19. Executing OPT_MUXTREE pass (detect dead branches in mux trees).
Running muxtree optimizer on module \ntt_top..
  Creating internal representation of mux trees.
  Evaluating internal representation of mux trees.
  Analyzing evaluation results.
Removed 0 multiplexer ports.
<suppressed ~497 debug messages>

11.21.20. Executing OPT_REDUCE pass (consolidate $*mux and $reduce_* inputs).
  Optimizing cells in module \ntt_top.
Performed a total of 0 changes.

11.21.21. Executing OPT_MERGE pass (detect identical cells).
Finding identical cells in module `\ntt_top'.
Computing hashes of 1528 cells of `\ntt_top'.
Finding duplicate cells in `\ntt_top'.
Removed a total of 0 cells.

11.21.22. Executing OPT_SHARE pass.

11.21.23. Executing OPT_DFF pass (perform DFF optimizations).

11.21.24. Executing OPT_CLEAN pass (remove unused cells and wires).
Finding unused cells or wires in module \ntt_top..

11.21.25. Executing OPT_EXPR pass (perform const folding).
Optimizing module ntt_top.

11.21.26. Finished fast OPT passes. (There is nothing left to do.)

11.22. Executing TECHMAP pass (map to technology primitives).

11.22.1. Executing Verilog-2005 frontend: /home/void/tools/oss-cad-suite/lib/../share/yosys/techmap.v
Parsing Verilog input from `/home/void/tools/oss-cad-suite/lib/../share/yosys/techmap.v' to AST representation.
Generating RTLIL representation for module `\_90_simplemap_bool_ops'.
Generating RTLIL representation for module `\_90_simplemap_reduce_ops'.
Generating RTLIL representation for module `\_90_simplemap_logic_ops'.
Generating RTLIL representation for module `\_90_simplemap_compare_ops'.
Generating RTLIL representation for module `\_90_simplemap_various'.
Generating RTLIL representation for module `\_90_simplemap_registers'.
Generating RTLIL representation for module `\_90_shift_ops_shr_shl_sshl_sshr'.
Generating RTLIL representation for module `\_90_shift_shiftx'.
Generating RTLIL representation for module `\_90_fa'.
Generating RTLIL representation for module `\_90_lcu_brent_kung'.
Generating RTLIL representation for module `\_90_alu'.
Generating RTLIL representation for module `\_90_macc'.
Generating RTLIL representation for module `\_90_alumacc'.
Generating RTLIL representation for module `$__div_mod_u'.
Generating RTLIL representation for module `$__div_mod_trunc'.
Generating RTLIL representation for module `\_90_div'.
Generating RTLIL representation for module `\_90_mod'.
Generating RTLIL representation for module `$__div_mod_floor'.
Generating RTLIL representation for module `\_90_divfloor'.
Generating RTLIL representation for module `\_90_modfloor'.
Generating RTLIL representation for module `\_90_pow'.
Generating RTLIL representation for module `\_90_demux'.
Generating RTLIL representation for module `\_90_lut'.
Generating RTLIL representation for module `$connect'.
Generating RTLIL representation for module `$input_port'.
Successfully finished Verilog frontend.

11.22.2. Continuing TECHMAP pass.
Using extmapper simplemap for cells of type $dffe.
Using extmapper simplemap for cells of type $not.
Using extmapper simplemap for cells of type $and.
Using extmapper simplemap for cells of type $or.
Using template $paramod$466c1ff2c677f9c08ccf46d9467344bbd175f515\_90_alu for cells of type $alu.
Using template $paramod$ee3d784672cdb1cb32d9a801a3af776716f16b74\_90_alu for cells of type $alu.
Using template $paramod$53700bbee849b2010ad0b60a61ccd204a10e24ca\_90_alu for cells of type $alu.
Using template $paramod$bfceb922395790c0ce92e9f9b5b428d4fc72cc30\_90_alu for cells of type $alu.
Using template $paramod$3ef7d3dd227da7627a99c5e5a6a4deb817573e39\_90_alu for cells of type $alu.
Using extmapper simplemap for cells of type $reduce_or.
Using extmapper simplemap for cells of type $reduce_and.
Using template $paramod$6a42b6fefed750f8a1c58eab59479d960557103c\_90_alu for cells of type $alu.
Using template $paramod$constmap:aaa79bdfe7451deca7ae697c0784fd1c184bd8f2$paramod$16e25394c2396952883b6dc4371e938f0298c925\_90_shift_ops_shr_shl_sshl_sshr for cells of type $shl.
Using template $paramod$403a3c2fa431a154c52a6a5429d7a6260b5d144f\_90_alu for cells of type $alu.
Using template $paramod$943564b9366bbc392bf4bbc801aa0a2d7742a4e0\_90_alu for cells of type $alu.
Using template $paramod$103b4016182df467cceab67bcf3e18e6361ec0fd\_90_alu for cells of type $alu.
Using template $paramod$dbcdc7e8aa1a4080cea2deda6fdc8772064f4d90\_90_alu for cells of type $alu.
Using template $paramod$8441c334d863ed42b55f25e60c0d690241b4051f\_90_alu for cells of type $alu.
Using template $paramod$fc972a7a46956c1788f3cb5257b53c8f1df2d0cc\_90_alu for cells of type $alu.
Using template $paramod$6f67705c43e5e94c02b6ebb52209ce5aa5ade4c1\_90_alu for cells of type $alu.
Using template $paramod$a1bc51c02ce12ac21eb18988e83292af48ed7d72\_90_alu for cells of type $alu.
Using extmapper maccmap for cells of type $macc_v2.
  add \u_core.u_bf.u_mul.t_s1 [15:0] * 12'110011111111 (16x12 bits, unsigned)
  add \u_core.inflight (4 bits, unsigned)
  sub \u_core.u_bf.valid_out (1 bits, unsigned)
  add \u_core.r_valid (1 bits, unsigned)
  packed 1 (1) bits / 1 words into adder tree
  add \u_core.u_bf.u_mul.m_s2 * 12'110100000001 (16x12 bits, unsigned)
  add \u_core.u_bf.u_mul.t_s2 (24 bits, unsigned)
  add \u_core.u_bf.keep_dly[2] (12 bits, unsigned)
  sub \u_core.u_bf.u_mul.out (12 bits, unsigned)
  add 13'0110100000001 (13 bits, unsigned)
  add \u_core.u_bf.b (12 bits, unsigned)
  sub \u_core.u_bf.a (12 bits, unsigned)
  add 13'0110100000001 (13 bits, unsigned)
  add \u_core.u_bf.u_mul.a * \u_core.u_bf.u_mul.b (12x12 bits, unsigned)
Using extmapper simplemap for cells of type $reduce_bool.
Using extmapper simplemap for cells of type $ne.
Using extmapper simplemap for cells of type $adffe.
Using extmapper simplemap for cells of type $eq.
Using extmapper simplemap for cells of type $logic_not.
Using extmapper simplemap for cells of type $adff.
Using extmapper simplemap for cells of type $logic_and.
Using extmapper simplemap for cells of type $pmux.
Using extmapper simplemap for cells of type $reduce_xor.
Using template $paramod$constmap:e526890e6f0dffeb9b7b8b1cd83366008086b08a$paramod$37f8911bd0867ff8a97cf3d351c4792b2c52c841\_90_shift_ops_shr_shl_sshl_sshr for cells of type $shr.
Using template $paramod$constmap:49817f5319634346d2f26ec1e835428cb1d0aaab$paramod$755e85754deadb6d4092a859b2c58cf9cae5094e\_90_shift_ops_shr_shl_sshl_sshr for cells of type $shl.
Using extmapper simplemap for cells of type $logic_or.
Using template $paramod\_90_fa\WIDTH=32'00000000000000000000000000011000 for cells of type $fa.
Using template $paramod$e82d3fc1811c5751348a3964470632b35a435fc7\_90_alu for cells of type $alu.
Using template $paramod\_90_fa\WIDTH=32'00000000000000000000000000001101 for cells of type $fa.
Using template $paramod$2780480d52179e2db572a6e5133edf36e733d32e\_90_alu for cells of type $alu.
Using template $paramod\_90_fa\WIDTH=32'00000000000000000000000000011100 for cells of type $fa.
Using template $paramod$d7c91f8d4ce389beb1bd34b271e05fae2549a2a8\_90_alu for cells of type $alu.
Using template $paramod\_90_fa\WIDTH=32'00000000000000000000000000000100 for cells of type $fa.
Using template $paramod$740b056ede97228d3eae64ea2fdc81f0a33e0fe7\_90_alu for cells of type $alu.
Using template $paramod\_90_fa\WIDTH=32'00000000000000000000000000010000 for cells of type $fa.
Using template $paramod$6df0329addda9228fcc2546de2aaf14ad26c98e1\_90_alu for cells of type $alu.
Using extmapper simplemap for cells of type $pos.
Using template $paramod\_90_lcu_brent_kung\WIDTH=32'00000000000000000000000000001101 for cells of type $lcu.
Using extmapper simplemap for cells of type $xor.
Using template $paramod\_90_fa\WIDTH=32'00000000000000000000000000001000 for cells of type $fa.
Using template $paramod\_90_lcu_brent_kung\WIDTH=32'00000000000000000000000000001000 for cells of type $lcu.
Using template $paramod\_90_fa\WIDTH=32'00000000000000000000000000001001 for cells of type $fa.
Using template $paramod\_90_lcu_brent_kung\WIDTH=32'00000000000000000000000000001001 for cells of type $lcu.
Using template $paramod\_90_fa\WIDTH=32'00000000000000000000000000000001 for cells of type $fa.
Using template $paramod\_90_lcu_brent_kung\WIDTH=32'00000000000000000000000000000001 for cells of type $lcu.
Using template $paramod\_90_fa\WIDTH=32'00000000000000000000000000000111 for cells of type $fa.
Using template $paramod\_90_lcu_brent_kung\WIDTH=32'00000000000000000000000000000111 for cells of type $lcu.
Using template $paramod\_90_fa\WIDTH=32'00000000000000000000000000000101 for cells of type $fa.
Using template $paramod\_90_lcu_brent_kung\WIDTH=32'00000000000000000000000000000101 for cells of type $lcu.
Using template $paramod\_90_fa\WIDTH=32'00000000000000000000000000100000 for cells of type $fa.
Using template $paramod\_90_lcu_brent_kung\WIDTH=32'00000000000000000000000000100000 for cells of type $lcu.
Using template $paramod\_90_fa\WIDTH=32'00000000000000000000000000001100 for cells of type $fa.
Using template $paramod\_90_lcu_brent_kung\WIDTH=32'00000000000000000000000000001100 for cells of type $lcu.
Using template $paramod\_90_fa\WIDTH=32'00000000000000000000000000000011 for cells of type $fa.
Using template $paramod\_90_lcu_brent_kung\WIDTH=32'00000000000000000000000000000011 for cells of type $lcu.
Using template $paramod\_90_lcu_brent_kung\WIDTH=32'00000000000000000000000000000100 for cells of type $lcu.
Using template $paramod\_90_lcu_brent_kung\WIDTH=32'00000000000000000000000000011100 for cells of type $lcu.
Using template $paramod\_90_lcu_brent_kung\WIDTH=32'00000000000000000000000000011000 for cells of type $lcu.
Using template $paramod\_90_lcu_brent_kung\WIDTH=32'00000000000000000000000000010000 for cells of type $lcu.
No more expansions possible.
<suppressed ~5997 debug messages>

11.23. Executing OPT pass (performing simple optimizations).

11.23.1. Executing OPT_EXPR pass (perform const folding).
Optimizing module ntt_top.
<suppressed ~5483 debug messages>

11.23.2. Executing OPT_MERGE pass (detect identical cells).
Finding identical cells in module `\ntt_top'.
Computing hashes of 12180 cells of `\ntt_top'.
Finding duplicate cells in `\ntt_top'.
Computing hashes of 11746 cells of `\ntt_top'.
Finding duplicate cells in `\ntt_top'.
Computing hashes of 11633 cells of `\ntt_top'.
Finding duplicate cells in `\ntt_top'.
Computing hashes of 11579 cells of `\ntt_top'.
Finding duplicate cells in `\ntt_top'.
Computing hashes of 11559 cells of `\ntt_top'.
Finding duplicate cells in `\ntt_top'.
Computing hashes of 11543 cells of `\ntt_top'.
Finding duplicate cells in `\ntt_top'.
Computing hashes of 11521 cells of `\ntt_top'.
Finding duplicate cells in `\ntt_top'.
Computing hashes of 11509 cells of `\ntt_top'.
Finding duplicate cells in `\ntt_top'.
Computing hashes of 11481 cells of `\ntt_top'.
Finding duplicate cells in `\ntt_top'.
Computing hashes of 11465 cells of `\ntt_top'.
Finding duplicate cells in `\ntt_top'.
Computing hashes of 11453 cells of `\ntt_top'.
Finding duplicate cells in `\ntt_top'.
Computing hashes of 11449 cells of `\ntt_top'.
Finding duplicate cells in `\ntt_top'.
<suppressed ~2193 debug messages>
Removed a total of 731 cells.

11.23.3. Executing OPT_DFF pass (perform DFF optimizations).

11.23.4. Executing OPT_CLEAN pass (remove unused cells and wires).
Finding unused cells or wires in module \ntt_top..
Removed 304 unused cells and 2425 unused wires.
<suppressed ~305 debug messages>

11.23.5. Finished fast OPT passes.

11.24. Executing ABC pass (technology mapping using ABC).

11.24.1. Extracting gate netlist of module `\ntt_top' to `<abc-temp-dir>/input.blif'..

11.24.1.1. Executed ABC.
Extracted 7609 gates and 11015 wires to a netlist network with 3404 inputs and 583 outputs.
Running ABC script: <abc-temp-dir>/abc.script
ABC: UC Berkeley, ABC 1.01 (compiled Aug 25 2026 02:13:07)
ABC: abc 01> empty
ABC: abc 01> source <abc-temp-dir>/abc.script
ABC: + read_blif <abc-temp-dir>/input.blif 
ABC: + read_library <abc-temp-dir>/stdcells.genlib 
ABC: + strash 
ABC: + &get -n 
ABC: + &fraig -x 
ABC: + &put 
ABC: + scorr 
ABC: Warning: The network is combinational (run "fraig" or "fraig_sweep").
ABC: + dc2 
ABC: + dretime 
ABC: + strash 
ABC: + &get -n 
ABC: + &dch -f 
ABC: + &nf 
ABC: + &put 
ABC: + write_blif <abc-temp-dir>/output.blif 
ABC: 
ABC: YOSYS_ABC_DONE 

11.24.1.2. Re-integrating ABC results.
ABC RESULTS:               AND cells:     1523
ABC RESULTS:            ANDNOT cells:     1097
ABC RESULTS:               MUX cells:     1568
ABC RESULTS:              NAND cells:     3181
ABC RESULTS:               NOR cells:      226
ABC RESULTS:               NOT cells:       28
ABC RESULTS:                OR cells:     1259
ABC RESULTS:             ORNOT cells:      610
ABC RESULTS:              XNOR cells:      235
ABC RESULTS:               XOR cells:      489
ABC RESULTS:        internal signals:     7028
ABC RESULTS:           input signals:     3404
ABC RESULTS:          output signals:      583
Removing temp directory.
Removing global temp directory.

11.25. Executing OPT pass (performing simple optimizations).

11.25.1. Executing OPT_EXPR pass (perform const folding).
Optimizing module ntt_top.
<suppressed ~14 debug messages>

11.25.2. Executing OPT_MERGE pass (detect identical cells).
Finding identical cells in module `\ntt_top'.
Computing hashes of 13752 cells of `\ntt_top'.
Finding duplicate cells in `\ntt_top'.
Computing hashes of 13751 cells of `\ntt_top'.
Finding duplicate cells in `\ntt_top'.
<suppressed ~3 debug messages>
Removed a total of 1 cells.

11.25.3. Executing OPT_DFF pass (perform DFF optimizations).

11.25.4. Executing OPT_CLEAN pass (remove unused cells and wires).
Finding unused cells or wires in module \ntt_top..
Removed 0 unused cells and 5533 unused wires.
<suppressed ~63 debug messages>

11.25.5. Finished fast OPT passes.

11.26. Executing HIERARCHY pass (managing design hierarchy).
Attribute `top' found on module `ntt_top'. Setting top module to ntt_top.

11.26.1. Analyzing design hierarchy..
Top module:  \ntt_top

11.26.2. Analyzing design hierarchy..
Top module:  \ntt_top
Removed 0 unused modules.

11.27. Printing statistics.

=== ntt_top ===

        +----------Local Count, excluding submodules.
        | 
    10470 wires
    14244 wire bits
      418 public wires
     3909 public wire bits
       26 ports
      129 port bits
    13751 cells
     1097   $_ANDNOT_
     1522   $_AND_
      177   $_DFFE_PN0P_
        1   $_DFFE_PN1P_
     3096   $_DFFE_PP_
      253   $_DFF_PN0_
        1   $_DFF_PN1_
     1568   $_MUX_
     3181   $_NAND_
      226   $_NOR_
       28   $_NOT_
      610   $_ORNOT_
     1259   $_OR_
      235   $_XNOR_
      489   $_XOR_
        8   $scopeinfo

11.28. Executing CHECK pass (checking for obvious problems).
Checking module ntt_top...
Found and reported 0 problems.

12. Executing DFFLIBMAP pass (mapping DFF/DLATCH cells to sequential cells from liberty file).
  cell sky130_fd_sc_hd__dfxtp_1 (noninv, pins=3, area=20.02) is a direct match for cell type $_DFF_P_.
  cell sky130_fd_sc_hd__dfrtn_1 (noninv, pins=4, area=25.02) is a direct match for cell type $_DFF_NN0_.
  cell sky130_fd_sc_hd__dfrtp_1 (noninv, pins=4, area=25.02) is a direct match for cell type $_DFF_PN0_.
  cell sky130_fd_sc_hd__dfstp_1 (noninv, pins=4, area=26.28) is a direct match for cell type $_DFF_PN1_.
  cell sky130_fd_sc_hd__edfxtp_1 (noninv, pins=4, area=30.03) is a direct match for cell type $_DFFE_PP_.
  cell sky130_fd_sc_hd__dfbbn_1 (noninv, pins=6, area=32.53) is a direct match for cell type $_DFFSR_NNN_.
  cell sky130_fd_sc_hd__dfbbp_1 (noninv, pins=6, area=32.53) is a direct match for cell type $_DFFSR_PNN_.
  cell sky130_fd_sc_hd__dlxtn_1 (noninv, pins=3, area=15.01) is a direct match for cell type $_DLATCH_N_.
  cell sky130_fd_sc_hd__lpflow_inputisolatch_1 (noninv, pins=3, area=13.76) is a direct match for cell type $_DLATCH_P_.
  cell sky130_fd_sc_hd__dlrtn_1 (noninv, pins=4, area=17.52) is a direct match for cell type $_DLATCH_NN0_.
  cell sky130_fd_sc_hd__dlrtp_1 (noninv, pins=4, area=16.27) is a direct match for cell type $_DLATCH_PN0_.
  final dff/dlatch cell mappings:
    unmapped dff/dlatch cell: $_DFF_N_
    \sky130_fd_sc_hd__dfxtp_1 _DFF_P_ (.CLK( C), .D( D), .Q( Q));
    \sky130_fd_sc_hd__dfrtn_1 _DFF_NN0_ (.CLK_N( C), .D( D), .Q( Q), .RESET_B( R));
    unmapped dff/dlatch cell: $_DFF_NN1_
    unmapped dff/dlatch cell: $_DFF_NP0_
    unmapped dff/dlatch cell: $_DFF_NP1_
    \sky130_fd_sc_hd__dfrtp_1 _DFF_PN0_ (.CLK( C), .D( D), .Q( Q), .RESET_B( R));
    \sky130_fd_sc_hd__dfstp_1 _DFF_PN1_ (.CLK( C), .D( D), .Q( Q), .SET_B( R));
    unmapped dff/dlatch cell: $_DFF_PP0_
    unmapped dff/dlatch cell: $_DFF_PP1_
    unmapped dff/dlatch cell: $_DFFE_NN_
    unmapped dff/dlatch cell: $_DFFE_NP_
    unmapped dff/dlatch cell: $_DFFE_PN_
    \sky130_fd_sc_hd__edfxtp_1 _DFFE_PP_ (.CLK( C), .D( D), .DE( E), .Q( Q));
    \sky130_fd_sc_hd__dfbbn_1 _DFFSR_NNN_ (.CLK_N( C), .D( D), .Q( Q), .Q_N(~Q), .RESET_B( R), .SET_B( S));
    unmapped dff/dlatch cell: $_DFFSR_NNP_
    unmapped dff/dlatch cell: $_DFFSR_NPN_
    unmapped dff/dlatch cell: $_DFFSR_NPP_
    \sky130_fd_sc_hd__dfbbp_1 _DFFSR_PNN_ (.CLK( C), .D( D), .Q( Q), .Q_N(~Q), .RESET_B( R), .SET_B( S));
    unmapped dff/dlatch cell: $_DFFSR_PNP_
    unmapped dff/dlatch cell: $_DFFSR_PPN_
    unmapped dff/dlatch cell: $_DFFSR_PPP_
    \sky130_fd_sc_hd__dlxtn_1 _DLATCH_N_ (.D( D), .GATE_N( E), .Q( Q));
    \sky130_fd_sc_hd__lpflow_inputisolatch_1 _DLATCH_P_ (.D( D), .Q( Q), .SLEEP_B( E));
    \sky130_fd_sc_hd__dlrtn_1 _DLATCH_NN0_ (.D( D), .GATE_N( E), .Q( Q), .RESET_B( R));
    unmapped dff/dlatch cell: $_DLATCH_NN1_
    unmapped dff/dlatch cell: $_DLATCH_NP0_
    unmapped dff/dlatch cell: $_DLATCH_NP1_
    \sky130_fd_sc_hd__dlrtp_1 _DLATCH_PN0_ (.D( D), .GATE( E), .Q( Q), .RESET_B( R));
    unmapped dff/dlatch cell: $_DLATCH_PN1_
    unmapped dff/dlatch cell: $_DLATCH_PP0_
    unmapped dff/dlatch cell: $_DLATCH_PP1_
    unmapped dff/dlatch cell: $_DLATCHSR_NNN_
    unmapped dff/dlatch cell: $_DLATCHSR_NNP_
    unmapped dff/dlatch cell: $_DLATCHSR_NPN_
    unmapped dff/dlatch cell: $_DLATCHSR_NPP_
    unmapped dff/dlatch cell: $_DLATCHSR_PNN_
    unmapped dff/dlatch cell: $_DLATCHSR_PNP_
    unmapped dff/dlatch cell: $_DLATCHSR_PPN_
    unmapped dff/dlatch cell: $_DLATCHSR_PPP_

12.1. Executing DFFLEGALIZE pass (convert FFs and LATCHes to types supported by the target).
<suppressed ~24 debug messages>
Mapping DFF/DLATCH cells in module `\ntt_top':
  mapped 3096 $_DFFE_PP_ cells to \sky130_fd_sc_hd__edfxtp_1 cells.
  mapped 430 $_DFF_PN0_ cells to \sky130_fd_sc_hd__dfrtp_1 cells.
  mapped 2 $_DFF_PN1_ cells to \sky130_fd_sc_hd__dfstp_1 cells.

13. Executing ABC pass (technology mapping using ABC).

13.1. Extracting gate netlist of module `\ntt_top' to `<abc-temp-dir>/input.blif'..

13.1.1. Executed ABC.
Extracted 10393 gates and 13846 wires to a netlist network with 3453 inputs and 610 outputs.
Running ABC script: <abc-temp-dir>/abc.script
ABC: UC Berkeley, ABC 1.01 (compiled Aug 25 2026 02:13:07)
ABC: abc 01> empty
ABC: abc 01> source <abc-temp-dir>/abc.script
ABC: + read_blif <abc-temp-dir>/input.blif 
ABC: + read_scl /tmp/yosys-liberty-scl-cache/yosys_merged_a1f1f0e4.scl 
ABC: Warning: Detected 9 multi-output cells (for example, "sky130_fd_sc_hd__fa_1").
ABC: + strash 
ABC: + &get -n 
ABC: + &fraig -x 
ABC: + &put 
ABC: + scorr 
ABC: Warning: The network is combinational (run "fraig" or "fraig_sweep").
ABC: + dc2 
ABC: + dretime 
ABC: + retime -o -D 10000 
ABC: + strash 
ABC: + &get -n 
ABC: + &dch -f 
ABC: + &nf -D 10000 
ABC: + &put 
ABC: + write_blif <abc-temp-dir>/output.blif 
ABC: 
ABC: YOSYS_ABC_DONE 

13.1.2. Re-integrating ABC results.
ABC RESULTS:   sky130_fd_sc_hd__a211o_1 cells:        3
ABC RESULTS:   sky130_fd_sc_hd__a211oi_1 cells:       47
ABC RESULTS:   sky130_fd_sc_hd__a21boi_0 cells:       15
ABC RESULTS:   sky130_fd_sc_hd__a21o_1 cells:       33
ABC RESULTS:   sky130_fd_sc_hd__a21oi_1 cells:     1046
ABC RESULTS:   sky130_fd_sc_hd__a221o_1 cells:       13
ABC RESULTS:   sky130_fd_sc_hd__a221oi_1 cells:      149
ABC RESULTS:   sky130_fd_sc_hd__a22o_1 cells:       64
ABC RESULTS:   sky130_fd_sc_hd__a22oi_1 cells:      124
ABC RESULTS:   sky130_fd_sc_hd__a2bb2oi_1 cells:       11
ABC RESULTS:   sky130_fd_sc_hd__a311oi_1 cells:       16
ABC RESULTS:   sky130_fd_sc_hd__a31o_1 cells:        2
ABC RESULTS:   sky130_fd_sc_hd__a31oi_1 cells:       80
ABC RESULTS:   sky130_fd_sc_hd__a32o_1 cells:        4
ABC RESULTS:   sky130_fd_sc_hd__a32oi_1 cells:       14
ABC RESULTS:   sky130_fd_sc_hd__a41oi_1 cells:        3
ABC RESULTS:   sky130_fd_sc_hd__and2_0 cells:       41
ABC RESULTS:   sky130_fd_sc_hd__and3_1 cells:       37
ABC RESULTS:   sky130_fd_sc_hd__and4_1 cells:        2
ABC RESULTS:   sky130_fd_sc_hd__clkinv_1 cells:       61
ABC RESULTS:   sky130_fd_sc_hd__lpflow_inputiso1p_1 cells:       40
ABC RESULTS:   sky130_fd_sc_hd__lpflow_isobufsrc_1 cells:      120
ABC RESULTS:   sky130_fd_sc_hd__maj3_1 cells:       80
ABC RESULTS:   sky130_fd_sc_hd__mux2_1 cells:       65
ABC RESULTS:   sky130_fd_sc_hd__mux2i_1 cells:      113
ABC RESULTS:   sky130_fd_sc_hd__mux4_2 cells:      110
ABC RESULTS:   sky130_fd_sc_hd__nand2_1 cells:     1261
ABC RESULTS:   sky130_fd_sc_hd__nand2b_1 cells:       54
ABC RESULTS:   sky130_fd_sc_hd__nand3_1 cells:      103
ABC RESULTS:   sky130_fd_sc_hd__nand3b_1 cells:        4
ABC RESULTS:   sky130_fd_sc_hd__nand4_1 cells:       11
ABC RESULTS:   sky130_fd_sc_hd__nor2_1 cells:     1471
ABC RESULTS:   sky130_fd_sc_hd__nor2b_1 cells:       10
ABC RESULTS:   sky130_fd_sc_hd__nor3_1 cells:      117
ABC RESULTS:   sky130_fd_sc_hd__nor3b_1 cells:        3
ABC RESULTS:   sky130_fd_sc_hd__nor4_1 cells:        9
ABC RESULTS:   sky130_fd_sc_hd__nor4b_1 cells:        1
ABC RESULTS:   sky130_fd_sc_hd__o2111ai_1 cells:        3
ABC RESULTS:   sky130_fd_sc_hd__o211a_1 cells:        2
ABC RESULTS:   sky130_fd_sc_hd__o211ai_1 cells:       84
ABC RESULTS:   sky130_fd_sc_hd__o21a_1 cells:       34
ABC RESULTS:   sky130_fd_sc_hd__o21ai_0 cells:     1150
ABC RESULTS:   sky130_fd_sc_hd__o21bai_1 cells:        8
ABC RESULTS:   sky130_fd_sc_hd__o221ai_1 cells:      114
ABC RESULTS:   sky130_fd_sc_hd__o22a_1 cells:        9
ABC RESULTS:   sky130_fd_sc_hd__o22ai_1 cells:      258
ABC RESULTS:   sky130_fd_sc_hd__o2bb2ai_1 cells:        1
ABC RESULTS:   sky130_fd_sc_hd__o311a_1 cells:        2
ABC RESULTS:   sky130_fd_sc_hd__o311ai_0 cells:       24
ABC RESULTS:   sky130_fd_sc_hd__o31a_1 cells:        4
ABC RESULTS:   sky130_fd_sc_hd__o31ai_1 cells:       33
ABC RESULTS:   sky130_fd_sc_hd__o32a_1 cells:        3
ABC RESULTS:   sky130_fd_sc_hd__o32ai_1 cells:       11
ABC RESULTS:   sky130_fd_sc_hd__o41ai_1 cells:        1
ABC RESULTS:   sky130_fd_sc_hd__or3_1 cells:       15
ABC RESULTS:   sky130_fd_sc_hd__or4_1 cells:        3
ABC RESULTS:   sky130_fd_sc_hd__xnor2_1 cells:      339
ABC RESULTS:   sky130_fd_sc_hd__xnor3_1 cells:        7
ABC RESULTS:   sky130_fd_sc_hd__xor2_1 cells:      243
ABC RESULTS:   sky130_fd_sc_hd__xor3_1 cells:        1
ABC RESULTS:        internal signals:     9783
ABC RESULTS:           input signals:     3453
ABC RESULTS:          output signals:      610
Removing temp directory.
Removing global temp directory.

14. Executing OPT_CLEAN pass (remove unused cells and wires).
Finding unused cells or wires in module \ntt_top..
Removed 0 unused cells and 13791 unused wires.
<suppressed ~8 debug messages>

15. Printing statistics.

=== ntt_top ===

        +----------Local Count, excluding submodules.
        |        +-Local Area, excluding submodules.
        |        | 
     7996        - wires
    11703        - wire bits
      411        - public wires
     3866        - public wire bits
       26        - ports
      129        - port bits
    11222 1.48E+05 cells
        8        -   $scopeinfo
        3   26.275   sky130_fd_sc_hd__a211o_1
       47  352.838   sky130_fd_sc_hd__a211oi_1
       15  112.608   sky130_fd_sc_hd__a21boi_0
       33  247.738   sky130_fd_sc_hd__a21o_1
     1046 5.24E+03   sky130_fd_sc_hd__a21oi_1
       13  130.125   sky130_fd_sc_hd__a221o_1
      149 1.31E+03   sky130_fd_sc_hd__a221oi_1
       64  560.538   sky130_fd_sc_hd__a22o_1
      124  930.893   sky130_fd_sc_hd__a22oi_1
       11   96.342   sky130_fd_sc_hd__a2bb2oi_1
       16  140.134   sky130_fd_sc_hd__a311oi_1
        2   17.517   sky130_fd_sc_hd__a31o_1
       80   500.48   sky130_fd_sc_hd__a31oi_1
        4   40.038   sky130_fd_sc_hd__a32o_1
       14  122.618   sky130_fd_sc_hd__a32oi_1
        3   26.275   sky130_fd_sc_hd__a41oi_1
       41  256.496   sky130_fd_sc_hd__and2_0
       37  231.472   sky130_fd_sc_hd__and3_1
        2   17.517   sky130_fd_sc_hd__and4_1
       61   228.97   sky130_fd_sc_hd__clkinv_1
      430 1.08E+04   sky130_fd_sc_hd__dfrtp_1
        2    52.55   sky130_fd_sc_hd__dfstp_1
     3096  9.3E+04   sky130_fd_sc_hd__edfxtp_1
       40   250.24   sky130_fd_sc_hd__lpflow_inputiso1p_1
      120   750.72   sky130_fd_sc_hd__lpflow_isobufsrc_1
       80  800.768   sky130_fd_sc_hd__maj3_1
       65  731.952   sky130_fd_sc_hd__mux2_1
      113 1.13E+03   sky130_fd_sc_hd__mux2i_1
      110 2.48E+03   sky130_fd_sc_hd__mux4_2
     1261  4733.29   sky130_fd_sc_hd__nand2_1
       54  337.824   sky130_fd_sc_hd__nand2b_1
      103  515.494   sky130_fd_sc_hd__nand3_1
        4   30.029   sky130_fd_sc_hd__nand3b_1
       11   68.816   sky130_fd_sc_hd__nand4_1
     1471 5.52E+03   sky130_fd_sc_hd__nor2_1
       10    62.56   sky130_fd_sc_hd__nor2b_1
      117  585.562   sky130_fd_sc_hd__nor3_1
        3   22.522   sky130_fd_sc_hd__nor3b_1
        9   56.304   sky130_fd_sc_hd__nor4_1
        1    8.758   sky130_fd_sc_hd__nor4b_1
        3   26.275   sky130_fd_sc_hd__o2111ai_1
        2   20.019   sky130_fd_sc_hd__o211a_1
       84  630.605   sky130_fd_sc_hd__o211ai_1
       34  255.245   sky130_fd_sc_hd__o21a_1
     1150  5755.52   sky130_fd_sc_hd__o21ai_0
        8   60.058   sky130_fd_sc_hd__o21bai_1
      114  998.458   sky130_fd_sc_hd__o221ai_1
        9   78.826   sky130_fd_sc_hd__o22a_1
      258 1.61E+03   sky130_fd_sc_hd__o22ai_1
        1    8.758   sky130_fd_sc_hd__o2bb2ai_1
        2   20.019   sky130_fd_sc_hd__o311a_1
       24  210.202   sky130_fd_sc_hd__o311ai_0
        4   35.034   sky130_fd_sc_hd__o31a_1
       33  247.738   sky130_fd_sc_hd__o31ai_1
        3   30.029   sky130_fd_sc_hd__o32a_1
       11   96.342   sky130_fd_sc_hd__o32ai_1
        1    8.758   sky130_fd_sc_hd__o41ai_1
       15    93.84   sky130_fd_sc_hd__or3_1
        3   22.522   sky130_fd_sc_hd__or4_1
      339 2.97E+03   sky130_fd_sc_hd__xnor2_1
        7  157.651   sky130_fd_sc_hd__xnor3_1
      243 2.13E+03   sky130_fd_sc_hd__xor2_1
        1   23.773   sky130_fd_sc_hd__xor3_1

   Area for cell type $scopeinfo is unknown!

   Chip area for module '\ntt_top': 147936.883200
     of which used for sequential elements: 103782.035200 (70.15%)

16. Executing Verilog backend.

16.1. Executing BMUXMAP pass.

16.2. Executing DEMUXMAP pass.
Dumping module `\ntt_top'.

Warnings: 5 unique messages, 10 total
End of script. Logfile hash: 27e625c458, time: 3.68s, user: 0.97s, system: 0.09s, MEM: 64.23 MB peak
Yosys 0.68+130 (git sha1 dd83bbad2-dirty, Release, Clang /usr/bin/clang++ 21.1.8)
Time spent: 73% 2x abc (2 sec), 5% 33x opt_clean (0 sec), ...
